Activity,City,Price (USD),Region,Rating,Category,Water Activities,Outdoor Activities,Walking and Biking,Tours,"Food,Wine & Nightlife"
1 Day Hop-On Hop Off Pass and San Francisco Bay Cruise,San Francisco,79.99,North,3.5,,1,0,0,0,1
"1-Day San Francisco Hop-On Hop-Off Bus, Exploratorium, 7D Experience",San Francisco,69,North,5,,0,0,0,1,0
1-Hour Monterey and Cannery Row Sea Car Tour,Monterey,65.25,Central,5,,1,0,0,1,0
1-Hour Voodoo Escape Room Experience in San Diego,San Diego,31.99,South,5,,0,0,0,0,0
1.5-Hour San Diego Gaslamp Quarter Walking Tour,San Diego,35,South,5,,0,0,1,1,0
1.5-hour San Francisco Bay Sailing Tour,San Francisco,49,North,1.5,,1,0,0,1,0
10 Hour Monterey & Carmel Private Tour in a Luxury Vehicle,San Francisco,798.88,North,0.5,,0,0,0,1,0
10 Hour Santa Cruz Mountains Wine Tasting Tour & Boardwalk Free Time,Santa Cruz,739.99,North,3,,0,1,1,1,1
"2 Day, 1 Night Kayak Adventure & Camp Out",Stockton,270.17,North,3,,1,1,1,1,1
2 Hour Whale Watching Kayak Tour for Two,La Jolla,75,South,4,,1,1,0,1,0
2-Day Alcatraz and Muir Woods With Sonoma Wine and Beer Tour with Aquarium,San Francisco,245,North,4.5,,0,0,0,1,1
2-day Alcatraz with Aquarium and Small-Group Muir Woods with Sonoma Wine Tour,San Francisco,252,North,1.5,,0,0,0,1,1
2-Day Hop-On Hop-Off Pass plus SF Dungeon Admission,San Francisco,79.99,North,2,,0,0,1,1,0
2-Day Muir Woods and Wine Country Tour from San Francisco,Mill Valley,344,North,3.5,,0,0,0,1,1
2-Day Napa-Sonoma Wine Tour With Alcatraz Night Tour and Aquarium of The Bay,Sonoma,264.5,North,2,,0,0,0,1,1
2-Day Narrated Hop-On Hop-Off Tour in San Francisco,San Francisco,62.99,North,4,,0,0,0,1,0
2-Day Yosemite National Park Tour from San Francisco,San Francisco,419,North,2,,0,0,1,1,0
2-Day Yosemite National Park Winter Tour from San Francisco,San Francisco,374,North,1,,0,0,1,1,0
2-Hour La Jolla Segway Experience,San Diego,69,South,1.5,,1,0,1,0,0
2-Hour Monterey and Pacific Grove Sea Car Tour,Monterey,119.6,Central,1,,1,1,0,1,0
2-Hour Monterey Bay Family Sailing Cruise,Monterey,89,Central,1.5,,1,0,0,0,1
2-Hour San Francisco Sunset Segway Tour,San Francisco,60,North,4,,0,0,1,1,0
2-Hour Segway Tour of Gaslamp Quarter and Waterfront in San Diego,San Diego,60,South,3,,0,0,1,1,0
2-Hour Sunset Sail on the San Francisco Bay,San Francisco,65,North,4,,1,1,0,1,0
2.5 Hour San Diego Sunset Sail,San Diego,85,South,1.5,,1,1,0,1,0
2.5-Hour Safari Island Adventure Tour on Catalina Island,Catalina Island,97.76,South,2,,1,1,1,1,0
24-Hour Bike Rental in San Francisco,San Francisco,19,North,4.5,,0,1,1,0,0
3 Day Hop On Hop Off Pass,San Francisco,77.99,North,1,,0,0,0,0,0
3 Hour Private Sail For Up To 6 People,San Diego,350,South,2.5,,1,1,0,0,0
3 Hour San Diego Sailing Adventure,San Diego,85,South,1.5,,1,1,0,1,0
3 Hour Self-Guided Tour of San Francisco in a Classic VW Bug,San Francisco,50,North,2.5,,0,0,0,1,0
3 Hour Yacht Charter for Up To 6 People,San Diego,700,South,3,,1,0,0,1,0
3-Day Lake Tahoe from San Francisco: Winter Sports and Emerald Bay,San Francisco,849,North,2.5,,1,0,0,1,0
"3-day Tour to Muir Woods, Napa Valley, and Sonoma County from San Francisco",Napa,888,North,4.5,,0,0,0,1,0
3-Day Yosemite Camping Adventure from San Francisco,San Francisco,489,North,1.5,,0,1,1,1,0
3-Hour Bridge to Beach Private Hike in San Francisco,San Francisco,300,North,0.5,,1,1,0,0,0
"3-Hour Food Tour in Venice Beach, Los Angeles",Los Angeles,71.01,South,3.5,,0,1,1,1,1
3-Hour Monterey Bay Winter Whale-Watching Tour,Monterey,42,Central,4,,1,1,0,1,0
"3-Hour Monterey, Cannery Row and Pacific Grove Sea Car Tour",Monterey,173.96,Central,4,,1,0,0,1,0
3-Hour San Francisco Segway Tour: Fisherman's Wharf to the Marina,San Francisco,75,North,2.5,,1,1,1,1,0
3-Hr Private Endless Summer Special,San Diego,578.84,South,2,,0,1,0,0,0
4 Hour Private Sail for up to 6 people,San Diego,637.42,South,2.5,,1,1,0,0,0
4 Hour Self-Guided Tour of San Francisco in a Classic VW Bug,San Francisco,62.5,North,3,,0,0,0,1,0
4-hour Walking Tour of Lands End in San Francisco,San Francisco,55,North,0.5,,0,1,1,1,0
4-Hour Walking Tour of the Sausalito Waterfront and Golden Gate,Sausalito,55,North,1.5,,0,1,1,1,0
45-Minute Catalina Island Glass-Bottom Boat Tour from Avalon,Catalina Island,23.38,South,2.5,,1,1,0,1,0
5 Hour Self-Guided Tour of San Francisco in a Classic VW Bug,San Francisco,75,North,4.5,,0,0,0,1,0
5-Hour Premium San Francisco City Tour,San Francisco,79,North,0.5,,0,0,0,1,0
5-Hour Private Los Angeles Sightseeing Tour,Los Angeles,357,South,1,,0,0,0,1,0
50-minute Gondola Tour of Newport Harbor,Newport Beach,100,South,1.5,,0,1,0,1,0
6 Hour Dessert Wine Tour - Napa Valley,San Francisco,480,North,4,,0,0,0,1,1
6 Hour Dry Creek Valley Wine Tasting Tour,Sonoma,519.95,North,3.5,,0,0,0,1,1
6 Hour Livermore Valley Wine Tasting Tour from San Francisco,Livermore,475,North,1,,0,0,0,1,1
6 Hour Napa Wine Tour in a Private Limousine,Napa,599.95,North,2.5,,0,0,0,1,1
"6 Hour Private Sonoma or Napa Wine Tasting Tour (Sedan, SUV or Limo)",Sonoma,474.95,North,0.5,,0,0,0,1,1
6 Hour Private Wine Tasting Tour with Pre-set Stops,Napa,439.99,North,4,,0,0,0,1,1
"6 Hour Sightseeing Tour: San Francisco, Muir Woods and Sausalito",San Francisco,475,North,5,,0,0,0,1,0
6 Hour South Bay Wine Tasting Tour from San Francisco,San Jose,449.88,North,5,,0,0,0,1,1
6 Hour Sparkling Wine Tour - Napa Valley,San Francisco,480,North,1,,0,0,0,1,1
6 Hour Wine Country Tour from San Francisco,San Francisco,360,North,2.5,,0,0,0,1,1
6 Person Private Full-Day Yosemite Trip from San Francisco,San Francisco,1199,North,4,,0,0,1,1,0
6-Hour Los Angeles City Tour,Los Angeles,84,South,3,,0,0,0,1,0
6-Hour Private Napa or Sonoma Limousine Wine Tour,Napa,425,North,1.5,,0,0,0,1,1
8 Hour Dry Creek Valley Wine Tasting Tour,Sonoma,549.95,North,4,,0,0,0,1,1
8 Hour Livermore Valley Wine Tour,Livermore,559.88,North,5,,0,0,0,1,1
8 Hour Napa Valley Wine Tasting Tour from San Francisco,Napa,519.99,North,3,,0,0,0,1,1
8 Hour Napa Wine Tour in a Private Limousine,Napa,749.95,North,4.5,,0,0,0,1,1
8 Hour Private San Francisco to Napa Valley Day Trip up to 3 people,Napa,979,North,0.5,,0,0,0,1,0
"8 Hour Private Sonoma or Napa Wine Tasting Tour (Sedan, SUV or Limo)",Napa,539.95,North,2,,0,0,0,1,1
8 Hour Private Wine Tasting Tour with Pre-Set Stops,Napa,539.99,North,5,,0,0,0,1,1
8 Hour Santa Cruz Mountains Wine Tasting Tour from San Francisco,Santa Cruz,599.99,North,4,,0,0,0,1,1
8 Hour South Bay Wine Tasting Tour from San Francisco,San Jose,539.88,North,4,,0,0,0,1,1
8 Hour Wine Country Tour from San Francisco,San Francisco,420,North,4,,0,0,0,1,1
8-Hour Private Limousine Wine Country Tour of Napa Valley from San Francisco,San Francisco,1199,North,4.5,,0,0,0,1,1
9 Hour All Inclusive Zip line and Wine Tour from San Francisco,San Francisco,259,North,3.5,,0,1,0,1,1
9 Hour Private Sonoma Zipline and Custom Wine Tour From San Francisco,Sonoma,479,North,0.5,,0,1,0,1,1
9 Hour Private Sonoma Zipline and Free Wine Tasting Tour from San Francisco,Sonoma,479,North,2.5,,0,1,0,1,1
9 Hour Zip Line Beer and Private Wine Tour from Bay Area,San Francisco,479,North,3.5,,0,1,0,1,1
A Californian Feast: A melting pot of flavors,Los Angeles,92.76,South,3,,0,0,0,0,1
A Day of Golf with a Tour Professional,San Francisco,850,North,3.5,,0,0,0,1,0
Advanced La Jolla Segway Tour,San Diego,99,South,2.5,,0,1,1,1,0
Advanced Lombard Street Segway Tour,San Francisco,75,North,1,,0,1,1,1,0
Advanced Segway Tour in Golden Gate Park,San Francisco,75,North,3.5,,0,1,1,1,0
Alcatraz Admission and Small-Group Craft Brews and Bike Tour,San Francisco,119,North,2.5,,0,1,1,1,1
Alcatraz Admission and Wine Country Bike Tour,San Francisco,204,North,1,,0,1,1,1,1
Alcatraz and City Segway Tour,San Francisco,112.25,North,3,,0,1,1,1,0
Alcatraz and Golden Gate Bridge to Sausalito Tour,San Francisco,98,North,3.5,,1,0,0,1,0
Alcatraz and GPS-Guided GoCar Tour,San Francisco,245.88,North,4,,0,1,0,1,0
Alcatraz and Hills of San Francisco Segway Tour,San Francisco,150,North,1,,0,1,1,1,0
Alcatraz and Magic Bus San Francisco Tour,San Francisco,100.5,North,2,,0,0,0,1,0
Alcatraz and San Francisco Bay Sightseeing Boat Tour,San Francisco,145,North,1,,1,0,0,1,0
Alcatraz and San Francisco City Tour Combo,San Francisco,120,North,4.5,,0,0,0,1,0
Alcatraz and San Francisco Streets Tour,San Francisco,118,North,5,,0,0,1,1,0
Alcatraz and the California Sunset Tour,San Francisco,98,North,5,,0,1,0,1,0
Alcatraz and Walking Craft Beer Combo Tour,San Francisco,117,North,2.5,,0,1,1,1,1
Alcatraz and Wine Country Combo Tour,San Francisco,159,North,0.5,,0,0,0,1,1
Alcatraz plus Sonoma and Sausalito half day tour from San Francisco,San Francisco,112.5,North,5,,0,0,0,1,0
Alcatraz Tickets and Small-Group Craft Brews and Bike Tour in San Francisco,San Francisco,119,North,2.5,,0,1,1,1,1
Alcatraz Tickets and Wine Country Bike Tour,San Francisco,204,North,2,,0,1,1,1,1
Alcatraz Tour and Twilight Bay Cruise,San Francisco,105.25,North,4,,1,0,0,1,1
Alcatraz Tour Including Muir Woods and San Francisco City Tour,San Francisco,190,North,3,,0,0,1,1,0
"Alcatraz Tour plus Muir Woods, Giant Redwoods and Sausalito Day Trip",San Francisco,124,North,5,,0,0,1,1,0
Alcatraz with Napa and Sonoma Wine Country Tour,San Francisco,159,North,5,,0,0,0,1,1
All-Day Rock Climbing Adventure in Joshua Tree National Park,Joshua Tree,299,South,2.5,,0,1,1,1,0
All-Inclusive Wine Tasting Tour,Sonoma,149,North,0.5,,0,0,0,1,1
Amazing Los Angeles Race: Small Group Tour and Scavenger Hunt,Los Angeles,78.99,South,3.5,,0,0,1,1,0
America's Cup Sailing Adventure on San Francisco Bay: Day Sail,San Francisco,150,North,0.5,,1,1,0,1,0
America's Cup Sailing Adventure on San Francisco Bay: Express Sail,San Francisco,100,North,5,,1,1,0,1,0
America's Cup Sailing Adventure on San Francisco Bay: Race Day,San Francisco,180,North,4.5,,1,1,0,1,0
America's Cup Sailing Adventure on San Francisco Bay: Sunset Sail,San Francisco,180,North,4.5,,1,1,0,1,0
Anaheim VIP Dine 4Less Card,Anaheim,29.99,South,2,,0,0,0,0,1
Andicuri Beach Rancho Loco Aruba,Santa Cruz,95,North,5,,1,1,0,0,0
Ansel Adams' Legacy Photography Class,Sonoma,95,North,3,,0,0,0,0,0
Baja Mexico Winery and Vineyard Tour,San Diego,199,South,1,,0,0,0,1,1
Balboa Park Highlights Small-Group Walking Tour,San Diego,49,South,1,,0,1,1,1,0
Balboa Park Segway Tour,San Diego,69,South,2,,0,1,1,1,0
Balboa Park Tour by Segway,San Diego,109,South,2,,0,1,1,1,0
Basic Self-Rescue Climbing Class Joshua Tree National Park,Joshua Tree,295,South,0.5,,0,1,1,1,0
Basically Free Bike Rental,San Francisco,24,North,0.5,,0,1,1,0,0
Bay In a Day Tour with Coit Tower Ticket,San Francisco,74,North,0.5,,0,0,0,1,0
Bay In a Day Tour with Muir Woods,San Francisco,114,North,4,,0,0,1,1,0
Bay Jet Boat Ride,San Diego,30,South,2,,1,1,0,0,0
Bay Parade of Lights,San Diego,45,South,3.5,,0,0,1,0,0
Bay Sailing Cruise,San Francisco,45,North,3.5,,1,0,0,0,1
Bay Sailing Cruise With Wine,Monterey,39,Central,5,,1,0,0,0,1
Beginner or Intermediate Mountain Bike Tour of Santa Barbara,Santa Barbara,94.99,Central,0.5,,0,1,1,1,0
Beginner Outdoor Rock Climbing,San Jose,99,North,2,,0,1,1,1,0
Beginner's Rock Climbing Class in Joshua Tree National Park,Joshua Tree,179,South,4.5,,0,1,1,1,0
Beginner's Rock Climbing Class in Los Angeles,Los Angeles,179,South,3.5,,0,1,1,1,0
Behind-the-Scenes Cheese Tasting Tour in Marin,Point Reyes Station,195,North,1.5,,0,0,0,1,1
Best of Berkeley Gourmet Food Tour,Berkeley,108,North,3,,0,0,0,1,1
Best of Hollywood Food Tour,Los Angeles,99,South,2.5,,0,0,0,1,1
Best of Los Angeles Day Tour with German-Speaking Guide,Los Angeles,149,South,5,,0,0,0,1,0
Best of Los Angeles Small-Group Tour with Transportation,Los Angeles,89,South,0.5,,0,0,0,1,0
Best of Los Angeles Tour with Lunch at the Hard Rock Cafe,Anaheim,88.99,South,4,,0,0,0,1,1
"Best of Marin County Food Tour: Hog Island Oyster Farm, Cowgirl Creamery, Brickmaiden Breads",Point Reyes Station,195,North,1,,0,0,0,1,1
Best of San Diego Sightseeing Tour,San Diego,99,South,2.5,,0,0,0,1,0
Best of San Francisco Private Walking Tour,San Francisco,300,North,3.5,,0,1,1,1,0
Beverly Hills Segway Tour,Los Angeles,148.99,South,3,,0,1,0,1,0
Beverly Thrills Electric Bike Tour,Beverly Hills,115,South,5,,0,1,1,1,0
Big Bus San Francisco Hop-on Hop-off Tour,San Francisco,27,North,1.5,,0,0,0,1,0
Big Bus San Francisco Night Tour,San Francisco,27,North,0.5,,0,0,0,1,1
Big Bus San Francisco Sightseeing and Alcatraz Combo,San Francisco,110,North,4,,0,0,0,1,0
Bike and Safari Wine Tour,Sonoma,219,North,3.5,,0,1,1,1,1
Bike the Golden Gate Bridge,San Francisco,20,North,3.5,,0,1,1,0,0
Bike the Golden Gate Bridge and Shuttle Tour to Muir Woods,San Francisco,75,North,1,,0,1,1,1,0
Bike the Golden Gate Bridge: San Francisco to Sausalito,San Francisco,55,North,3,,0,1,1,0,0
Bridge Bay and Headlands Hike,San Francisco,85,North,4.5,,0,1,1,1,0
Bridge-to-Bridge Cruise,San Francisco,38,North,4.5,,1,0,0,0,1
"Brothels, Bites and Booze: A Culinary Tour of San Diego's Questionable Past",San Diego,60,South,2,,0,0,0,1,1
Brunch Cruise and Patriot Jet Boat Ride,San Diego,100,South,0.5,,1,0,0,0,1
Cali Dreamin' Electric Bike Tour of La Jolla and Pacific Beach,San Diego,79,South,1,,0,1,1,1,0
California Academy of Sciences Behind-the-Scenes Tour,San Francisco,60.9,North,1.5,,0,0,0,1,0
California Academy of Sciences NightLife,San Francisco,15,North,2,,0,0,0,0,1
California Route 1 By E-Bike Day Tour,San Francisco,125,North,3.5,,0,1,1,1,0
California Route 1 By E-Bike Two Day Tour,Santa Cruz,400,North,3.5,,0,1,1,1,0
California Wine Tasting Pass,Stockton,49.99,North,2,,0,0,0,0,1
California's Redwoods with Aquarium Visit,San Francisco,84,North,2.5,,0,0,1,1,0
Calistoga Wine Country Sip 'n' Cycle Bike Tour,Napa,159,North,1,,0,1,1,1,1
Calistoga Wine Tasting Bike Tour,Healdsburg,190,North,3,,0,1,1,1,1
Cannonball Battle Spectator Cruise,San Francisco,55,North,4.5,,1,0,0,0,1
Carlsbad E-Bike Lookout Tour,Carlsbad,63.56,South,4,,0,1,1,1,0
Carlsbad Village Food and Walking Tour,Carlsbad,59,South,1,,0,1,1,1,1
Carmel Small-Group Food and Wine Walking Tour,Carmel,89,Central,1,,0,1,1,1,1
Carneros Wine Country Sip 'n' Cycle Bike Tour,Napa,159,North,2,,0,1,1,1,1
Catalina Food and Walking Tour,Catalina Island,100.88,South,1,,0,1,1,1,1
Catalina Island Avalon Scenic Tour,Catalina Island,20,South,1.5,,0,0,0,1,0
Catalina Island Cape Canyon Expedition,Catalina Island,129,South,0.5,,1,0,1,1,0
Catalina Island Day Trip from Anaheim or Los Angeles with 1-Hour Boat Tour,Catalina Island,186.99,South,4.5,,1,1,0,1,0
Catalina Island Day Trip from Anaheim or Los Angeles with Optional Upgrades,Catalina Island,134.49,South,0.5,,1,1,0,1,0
Catalina Island Day Trip from Anaheim or Los Angeles with Zipline Adventure,Catalina Island,263.99,South,2,,0,1,0,1,0
Catalina Island East End Adventure,Catalina Island,85,South,5,,0,1,0,1,0
Catalina Island Golf Course 9-Hole Round,Catalina Island,40,South,3,,0,0,0,0,0
Catalina Island Golf Gardens Miniature Golf,Catalina Island,15,South,1,,0,0,0,0,0
Catalina Island Ocean Runner Adventure,Catalina Island,55,South,3,,1,1,0,0,0
Catalina Island Scavenger Hunt Adventure,Catalina Island,15,South,1.5,,0,1,1,1,0
Catalina Island Semi-Submarine Undersea Tour,Catalina Island,45.85,South,4.5,,1,1,0,1,0
Catalina Island Undersea Expedition,Catalina Island,37,South,4,,1,1,0,0,0
Catalina Island Zip Line Eco Tour,Catalina Island,129,South,2.5,,0,0,0,1,0
Celebrity Homes and Rodeo Drive Shopping Tour,Los Angeles,55,South,1,,0,0,0,1,0
Celebrity Insider's Guide to Movie Locations,Los Angeles,79,South,1.5,,0,0,0,0,0
Champagne Brunch and Private Sailing Tour,San Diego,520,South,0.5,,1,0,0,1,1
Chinatown and North Beach Night Walking Tour,San Francisco,69,North,2.5,,0,1,1,1,1
Chinatown Tour and Optional Hosted Dim Sum Tasting Luncheon,San Francisco,35,North,3.5,,0,0,0,1,1
Christmas Eve Dinner Cruise on San Francisco Bay,San Francisco,144.73,North,5,,1,0,0,0,1
City and Sea Adventure: 1 Day Hop-On Hop Off Pass and San Francisco Bay Cruise,San Francisco,79.99,North,3,,1,0,1,1,1
City and Sea Adventure: San Francisco Bay Cruise Including Hop-On Hop Off Tour,San Francisco,59.99,North,1,,1,0,1,1,1
City Sightseeing San Francisco Hop-On Hop-Off Tour,San Francisco,32.99,North,2.5,,0,0,0,1,0
Classic Sailboat Afternoon Harbor Tour,San Diego,107,South,1.5,,1,1,0,1,0
Classic Sailboat Sunset Sail,San Diego,107,South,4.5,,1,1,0,1,0
Club Crawl San Diego,San Diego,35,South,1,,0,0,0,0,1
Coastal Marin Headlands Hike from San Francisco,San Francisco,85,North,5,,0,1,1,1,0
Coastal Redwoods Visit with San Francisco Hop-On Hop-Off Tour,San Francisco,113,North,4,,0,0,0,1,0
Coastal Tour of San Diego,San Diego,149,South,2,,0,0,0,1,0
Combo Tour: Napa and Sonoma Valley Wine Tour and San Francisco Bay Cruise,Napa,132,North,4.5,,0,0,0,1,1
Coronado Island Segway Tour,San Diego,148.99,South,2.5,,0,1,1,1,0
Craft Beer Walking Tour in San Francisco's Haight-Ashbury,San Francisco,79,North,0.5,,0,1,1,1,0
Craft Beer Walking Tour in San Francisco's SoMa District,San Francisco,79,North,3,,0,1,1,1,0
Crawling Craft Brew Tijuana: Tijuana Day Tour from San Diego,San Diego,125,South,1,,0,0,0,1,1
Cross-Country Ski Rental in Lake Tahoe,Lake Tahoe,27,North,3,,0,1,0,0,0
Cupertino: Traditional Homemade Pasta Cooking Experience,Cupertino,124.09,North,5,,0,0,0,0,1
Custom 6-Hour Napa Valley Wine Tour in a Luxury Vehicle,Napa,475,North,0.5,,0,0,0,1,1
Custom 8-Hour Napa Valley Wine Tour in a Luxury Vehicle,Napa,535,North,1,,0,0,0,1,1
Custom Private San Francisco and or Muir Woods Tour,San Francisco,500,North,4.5,,0,0,0,1,0
Dana Point Sportfishing,Dana Point,36,South,2.5,,1,1,0,0,0
Dana Point Whale Watching and Dolphin Watching Eco-Safari,Dana Point,65,South,1.5,,1,1,0,0,0
Deliciously Fun Educational Wine Tours in Paso Robles,Paso Robles,75,Central,2.5,,0,0,0,1,1
DeLuxe Los Angeles Private Tour,Napa,749,North,4.5,,0,0,0,1,0
Demo Ski Rental Package from North Lake Tahoe,Lake Tahoe,123.64,North,4,,0,1,0,0,0
Devils Peak Lookout 4x4 Jeep Tour,Fish Camp,249,North,3.5,,0,0,0,1,0
Devils Peak Snow Track Tour,Fish Camp,399,North,4,,0,1,0,1,0
Digital Photography Class in Yosemite Valley,Sonoma,95,North,3,,0,0,0,0,0
Disneyland 1-Day Tickets with Transport from Los Angeles,Los Angeles,184.99,South,3,,0,0,0,0,0
Double Decker City Sightseeing in Los Angeles,Los Angeles,49,South,2,,0,0,0,1,0
Downtown and Embarcadero Private Walking Tour,San Francisco,200,North,3.5,,0,1,1,1,0
Downtown Guided Los Angeles Small-Group Bike Tour,Los Angeles,40,South,4,,0,1,1,1,0
Downtown Historical Tour,Sacramento,75,North,2,,0,0,1,1,0
Downtown LA Club Crawl,Los Angeles,27,South,4,,0,0,0,0,1
Downtown Long Beach Food Walking Tour,Long Beach,69,South,2.5,,0,1,1,1,1
Downtown Los Angeles Architecture Tour,Los Angeles,22,South,1.5,,0,0,1,1,0
Downtown Los Angeles Food Tour,Los Angeles,75,South,5,,0,0,0,1,1
Downtown Los Angeles Historic Bike Tour,Los Angeles,65,South,4.5,,0,1,1,1,0
Downtown Los Angeles Progressive Culinary Tour,Los Angeles,79,South,1.5,,0,0,0,1,1
Downtown Los Angeles Walking Tour,Los Angeles,35,South,0.5,,0,1,1,1,0
Downtown Napa Food and Wine Tour,Napa,85.99,North,1,,0,0,0,1,1
Downtown San Diego and Waterfront Segway Tour,San Diego,69,South,4.5,,0,1,1,1,0
Downtown Santa Barbara Food Tour,Santa Barbara,99,Central,0.5,,0,0,0,1,1
Dry Creek Valley Bike and Wine Tour from Healdsburg,Healdsburg,175,North,0.5,,0,1,1,1,1
Early Access to Alcatraz and Exclusive Cable Car Sightseeing Tour,San Francisco,192.5,North,2,,1,0,0,1,0
Early Bird 45-Minute Golden Gate Bridge Boat Tour,San Francisco,55,North,5,,1,1,0,1,0
Earthquake Canyon Express Downhill Bike Adventure,Palm Desert,105,South,4.5,,0,1,1,1,0
East and Central Los Angeles Beer Hop,Los Angeles,69,South,2.5,,0,0,0,1,1
Eastern Sierra Fall Colors Workshop,San Francisco,2500,North,5,,0,0,0,0,0
Electric Bicycle Tour of Santa Monica and Venice Beach,Santa Monica,68,South,4.5,,1,0,1,1,0
Electric Bike Adventure in Santa Barbara Wine Country (Los Olivos - Solvang),Los Olivos,74,Central,3,,0,1,1,0,1
Electric Bike Tour of La Jolla and Mount Soledad,San Diego,99,South,4.5,,0,1,1,1,0
Emperor Norton's Fantastic San Francisco Time Machine,San Francisco,20,North,0.5,,0,0,0,1,0
Enchanting La Jolla Small-Group Tour,San Diego,99,South,4,,0,0,0,1,0
Ensenada Private Tour,San Diego,1669,South,2,,0,0,0,1,0
Escape from the Rock Cruise,San Francisco,37,North,3,,1,0,0,0,1
Escape Room Game for Private Group,Palm Springs,33,South,5,,0,0,0,1,0
Evening Walking Tour Sips of Hollywood Including Street Food and Drinks,Los Angeles,79,South,2.5,,0,1,1,1,1
Exclusive Carribean Dinner in San Francisco,San Francisco,99.02,North,4,,0,0,0,0,1
Exclusive Napa Valley Wine Tour,San Francisco,475,North,2.5,,0,0,0,1,1
Exclusive Semi-Private Boat Tour: Ultimate Dolphin and Whale Watching Expedition,Laguna Beach,90,South,4,,1,1,0,1,0
Experience Yosemite: Beginner or Advanced Photography Lesson,Sonoma,400,North,4.5,,0,0,0,0,0
Exploratorium Admission: Thursday Evening Happy Hour,San Francisco,19.95,North,2.5,,0,0,0,0,1
Explore The Mission District with Optional Lunch,San Francisco,40,North,0.5,,0,0,0,1,1
Express Ticket at Universal Studios Hollywood,Los Angeles,178.99,South,2.5,,0,0,1,0,0
Family Hike in Yosemite,Sonoma,88.89,North,0.5,,0,1,1,1,0
Ferrari Limo Hollywood and Beverly Hills 1 hour tour,Los Angeles,60,South,3,,0,0,0,1,0
Ferrari Limo Hollywood and Beverly Hills Private Tour,Los Angeles,350,South,3.5,,0,0,0,1,0
Ferry Ride and Small-Group Tour of Coronado from San Diego,San Diego,64,South,0.5,,1,0,0,1,0
Fighter Pilot Experience in San Diego,San Diego,221.99,South,4.5,,0,1,0,1,0
Fishermans Wharf Self Guided Bike Tour,San Francisco,32,North,0.5,,0,1,1,1,0
Fishing Adventure from Dana Point,Dana Point,1300,South,2,,1,1,0,1,0
Flavors and Murals of the Mission District of San Francisco,San Francisco,89,North,0.5,,0,0,0,1,1
Food and Culinary Walking Tour of North Beach,San Francisco,65,North,0.5,,0,1,1,1,1
Food Crawl! Chinatown and Little Italy,San Francisco,59,North,4,,0,0,0,0,1
Fort Ross State Historic Park Walking Tour,Jenner,20,North,1.5,,0,1,1,1,0
Freeride Ski Rental Package from North Lake Tahoe,Lake Tahoe,136.22,North,5,,0,1,0,0,0
Freeride Ski Rental Package from South Lake Tahoe,Lake Tahoe,127.24,North,5,,0,1,0,0,0
Friday Funday Beer Tour,Santa Barbara,99,Central,4,,0,0,0,1,1
Friday Night Bay Lights Sail,Sausalito,65,North,2.5,,0,0,0,0,1
Full Day Electric Beach Cruiser Rental,La Jolla,65,South,3,,1,0,1,0,0
Full Day Fishing Charter from Dana Point,Dana Point,1300,South,3,,1,1,0,1,0
Full Day in Yosemite National Park from San Francisco,San Francisco,249,North,2,,0,0,0,1,0
Full Day Small-Group Wine Country Tour from San Francisco,Napa,99,North,1,,0,0,0,1,1
Full Moon Sail on the San Francisco Bay,Sausalito,69,North,5,,1,0,0,1,0
Full-Day Deep-Sea Fishing Cruise from Newport Beach,Newport Beach,71,South,3.5,,1,1,0,0,1
Full-Day Farallon Islands Whale Watching Excursion,San Francisco,99,North,0.5,,1,1,0,0,0
Full-Day Los Angeles Sightseeing Tour from Anaheim,Anaheim,59.99,South,4.5,,0,0,0,1,0
Full-Day Small-Group Hearst Castle Adventure from Paso Robles,Paso Robles,124,Central,2,,0,1,1,1,0
Full-Day Sonoma Valley Bike and Wine Tour,Sonoma,144,North,3,,0,1,1,1,1
Full-Day Tijuana Craft Beer Tour from San Diego,San Diego,120,South,4.5,,0,0,0,1,1
Full-Day Tour to Muir Woods and Sonoma Wine Country With Wine and Beer Tastings,San Francisco,139,North,4.5,,0,1,1,1,1
Full-Day Tri-Valley Wine Tasting and Shopping Tour from San Francisco,San Francisco,95,North,3,,0,0,0,1,1
Giant Sequoia Grove Hike or Snowshoe,Sonoma,90,North,3.5,,0,1,1,1,0
Golden Gate Bay Cruise,San Francisco,32,North,4.5,,1,0,0,0,1
Golden Gate Park Guided Bike Tour,San Francisco,45,North,3.5,,0,1,1,1,0
Golden Gate Park Segway Tour,San Francisco,75,North,2,,0,1,1,1,0
Golden Gate Park Self Guided Bike Tour in San Francisco,San Francisco,32,North,0.5,,0,1,1,1,0
Golden Gate Park Surrey Rental,San Francisco,35,North,1,,0,0,1,1,0
Golden Gate Whale-Watching Tour,San Francisco,45,North,3,,1,1,0,1,0
Gondola Cruise and Gourmet Dinner on Newport Harbor,Newport Beach,306.65,South,2.5,,1,0,0,0,1
Gondola Dessert Cruise in Newport Harbor,Newport Beach,174.49,South,5,,1,0,0,0,1
Gondola Lunch Cruise in Newport Harbor,Newport Beach,189.89,South,3.5,,1,0,0,0,1
Gondola Ride in Newport Harbor,Newport Beach,136.73,South,5,,0,1,0,0,0
Grand City Tour of Los Angeles,Los Angeles,69,South,4.5,,0,0,0,1,0
Grand Lake Cultural Cuisine Food Tour,Oakland,65,North,5,,0,0,0,1,1
Grand Tour of Los Angeles,Los Angeles,79,South,4.5,,0,0,0,1,0
Grand Tour of Los Angeles Tour & Madame Tussauds Hollywood Combo,Los Angeles,105,South,0.5,,0,0,0,1,0
"Grapehopper Wine Tasting Tour, Temecula Valley",Temecula,79,South,0.5,,0,0,0,1,1
Guided Bike Tour Across the Golden Gate Bridge,San Francisco,35,North,5,,0,1,1,1,0
Guided Fishing Trip on the Sacramento River from Redding,Redding,200,North,2,,1,1,0,1,0
Guided Hiking Tour in Yosemite,Sonoma,135,North,5,,0,0,1,1,0
Guided Nature Walk and Wine Tasting in Morgan Hill,San Jose,110,North,4,,0,1,1,1,1
Guided Snowshoe Hike in Yosemite,Sonoma,110,North,3,,0,1,1,1,0
Guided Temecula Wine Tour from San Diego,San Diego,169,South,2.5,,0,0,0,1,1
Guided Wine Tasting Tour of Temecula,Temecula,129,South,4.5,,0,0,0,1,1
Half Day Hollywood and Beverly Hills Tour,Los Angeles,49.95,South,3,,0,0,0,1,0
Half Day Sonoma Wine Tour from San Francisco,Sonoma,119,North,3.5,,0,0,0,1,1
Half Day Tour of Santa Monica and Venice Beach,Santa Monica,49.95,South,4,,1,1,0,1,0
Half-Day Deep Sea Fishing Trip,Newport Beach,41.5,South,1,,1,1,0,0,0
Half-Day Deep-Sea Fishing Cruise from San Diego,San Diego,82.16,South,2.5,,1,1,0,0,1
Half-Day Fishing Charter from Dana Point,Dana Point,750,South,0.5,,1,1,0,1,0
Half-Day Hollywood Express and Beverly Hills Private Tour,Los Angeles,395,South,5,,0,0,0,1,0
Half-Day Horse-Drawn Trolley Shuttle to Temecula Wineries,Temecula,99,South,2.5,,0,0,0,0,1
Half-Day Los Angeles and Hollywood Tour,Los Angeles,76,South,0.5,,0,0,0,1,0
Half-Day Mountain Bike Tour Near Orange County,Santa Ana,199.99,South,0.5,,0,1,1,1,0
Half-Day Napa Valley Bike and Wine Tour,Napa,124,North,3.5,,0,1,1,1,1
Half-Day Rock Climbing Adventure in Joshua Tree National Park,Joshua Tree,179,South,4,,0,1,1,1,0
Half-Day Sonoma Valley Bike and Wine Tour,Sonoma,108,North,0.5,,0,1,1,1,1
Half-Day Sonoma Wine Tour,San Francisco,85.99,North,1,,0,0,0,1,1
Half-Day Sonoma Wine Tour plus 1 Day Hop-On Hop-Off Bus Pass,Sonoma,114.99,North,3,,0,0,0,1,1
Half-Day Whale Watching Tour From Monterey,Monterey,48,Central,2.5,,1,1,0,1,0
Half-Day Wine Country Tour,Napa,85,North,4,,0,0,0,1,1
Hands-on Bitters Making Class and Craft Cocktails Tour,San Francisco,119,North,4,,0,0,0,1,1
Hard Rock Cafe at Universal CityWalk Hollywood,Los Angeles,32.49,South,4,,0,0,1,0,0
Hard Rock Cafe Hollywood,Los Angeles,32.49,South,3,,0,0,0,0,1
Hard Rock Cafe Lake Tahoe,Lake Tahoe,32.49,North,3.5,,0,0,0,0,1
Hard Rock Cafe San Francisco,San Francisco,32.49,North,4,,0,0,0,0,1
"Haunted SF: Ghosts, Murder and Mystery",San Francisco,21.18,North,2,,0,0,0,1,0
Haunted Tales of Downtown Los Angeles,Los Angeles,22,South,3.5,,0,0,0,1,0
Hayes Valley Gourmet Food Tour,San Francisco,90.99,North,1,,0,0,0,1,1
Healdsburg Half-Day Cycling Wine Tour from Windsor,Santa Rosa,120,North,1.5,,0,1,1,1,1
Healdsburg Small-Group Food and Wine Walking Tour,Healdsburg,89,North,1.5,,0,0,0,1,1
Healdsburg Wine and Food Pairing Walking Tour,Healdsburg,89,North,3,,0,1,1,1,1
Healdsburg Wine Country Sip 'n' Cycle Bike Tour,Healdsburg,159,North,2.5,,0,1,1,1,1
Healdsburg Wine Tasting Bike Tour,Healdsburg,190,North,4,,0,1,1,1,1
Heavenly Performance Ski Rental Including Delivery,Lake Tahoe,95.25,North,4,,0,1,0,0,0
Heavenly Performance Snowboard Rental Including Delivery,Lake Tahoe,95.25,North,2,,0,1,0,0,0
Heavenly Premium Ski Rental Including Delivery,Lake Tahoe,113.57,North,2,,0,1,0,0,0
Heavenly Premium Snowboard Rental Including Delivery,Lake Tahoe,113.57,North,4.5,,0,1,0,0,0
Helicopter Tour with Lunch and Afternoon in Sausalito,Sausalito,375,North,0.5,,0,0,0,1,1
Hidden Wineries Tour of Napa and Sonoma,Napa,149,North,1.5,,0,0,0,1,1
High Performance Ski Rental Package from South Lake Tahoe,Lake Tahoe,106.38,North,4.5,,0,1,0,1,0
High Speed Zodiac Whale Watching Safari from Dana Point,Dana Point,65,South,1.5,,1,1,0,0,0
Hike to the Hollywood Bowl,Los Angeles,35,South,3.5,,0,1,1,1,0
Historic River Cruise,Sacramento,20,North,4.5,,1,0,0,0,0
Historic San Francisco,San Francisco,45,North,3.5,,0,0,0,1,0
Historic Santa Barbara Food Tasting Tour,Santa Barbara,85,Central,3.5,,0,0,0,1,1
Historic Sausalito Houseboat Walking Tour,Sausalito,58.33,North,5,,0,1,1,1,0
Holidays in Healdsburg: Wine and Food Pairing Walking Tour,Healdsburg,65,North,3.5,,0,0,0,1,1
Hollywood - Behind the Scenes Walking Tour,Los Angeles,24.95,South,3,,0,1,1,1,0
Hollywood and Beverly Hills Bike Tour,Los Angeles,130,South,4,,0,1,1,1,0
Hollywood Bike Tour,Los Angeles,65,South,4.5,,0,1,1,1,0
Hollywood Boulevard Walking Tour,Los Angeles,25,South,2,,0,1,1,1,0
Hollywood Celebrity and Stars' Homes Tour,Los Angeles,49,South,3.5,,0,0,0,1,0
Hollywood Club Crawl,Los Angeles,30,South,3.5,,0,0,0,0,1
Hollywood Grand City Tour,Los Angeles,70,South,2.5,,0,0,0,1,0
Hollywood Hills Electric Bike Tour,Los Angeles,95,South,2,,0,1,1,1,0
Hollywood Homes of the Rich and Famous Tour,Los Angeles,34,South,4.5,,0,0,0,1,0
Hollywood Sightseeing and Celebrity Homes Tour by Open-Top Bus,Los Angeles,35,South,4.5,,0,0,0,1,0
Hollywood Sightseeing Tour from Orange County,Huntington Beach,140,South,4,,0,0,0,1,0
Hollywood Sign and Griffith Park Hiking Tour,Los Angeles,35,South,0.5,,0,0,1,1,0
Hollywood Sign Driving Tour in a Ferrari,Los Angeles,149,South,4.5,,0,0,0,1,0
Hollywood Star Tour,Los Angeles,30,South,3.5,,0,0,0,1,0
Hollywood Stars' Homes and Grand City Tour of Los Angeles,Santa Monica,69,South,3.5,,0,0,0,1,0
Hollywood Walking and Hiking Tour,Los Angeles,29,South,3.5,,0,1,1,1,0
"Hollywood, California Science Center, and the Griffith Observatory from Anaheim",Anaheim,94.49,South,2.5,,0,0,0,1,0
Hop-On Hop-Off Wine Tasting Tour from Cambria and San Simeon,Cambria,89.95,Central,1.5,,0,0,0,1,1
Hop-On Hop-Off Wine Tasting Tour from Morro and Cayucos,San Luis Obispo,89.95,Central,0.5,,0,0,0,1,1
Hop-On Hop-Off Wine Tasting Tour from Paso Robles,Paso Robles,69.95,Central,4.5,,0,0,0,1,1
Hop-On Hop-Off Wine Tour from San Luis Obispo and Pismo Beach,San Luis Obispo,89.95,Central,0.5,,0,0,0,1,1
Horseback Riding and Zip Lining in Sonoma County,San Francisco,479,North,3.5,,0,0,0,1,0
In The Footsteps of Ansel Adams photo class,Sonoma,95,North,2,,0,0,0,0,0
Independent Hassle-free Bike Rental in Sonoma,Sonoma,30,North,5,,0,1,1,0,0
Indian Canyons by Jeep plus Hiking Tour from Palm Springs,Palm Springs,139,South,4.5,,0,0,0,1,0
Interpretive Hike with a Bighorn Biologist to Look for Sheep,Palm Desert,100,South,1.5,,0,1,1,1,0
Intro to San Francisco Electric Bike Tour,San Francisco,79,North,4.5,,0,1,1,1,0
Introduction to Wilderness Survival Clinic in Marin County,San Francisco,125,North,1.5,,0,0,0,1,0
Jail and Sail: Alcatraz Tour and Twilight Bay Cruise,San Francisco,105.25,North,4.5,,1,0,0,1,0
Joshua Tree Backroads Hummer H2 Tour,Palm Springs,199,South,1.5,,0,0,0,1,0
Joshua Tree Hummer Adventure from Palm Desert,Palm Springs,169,South,2,,0,1,0,1,0
Joshua Tree National Park Customized Guided Hiking Tour,Joshua Tree,176.47,South,4,,0,0,1,1,0
Joshua Tree National Park Jeep Tour,Palm Springs,169,South,4.5,,0,0,0,1,0
Joshua Tree National Park Van Tour,Palm Springs,149,South,3.5,,0,0,0,1,0
Junior Ski Rental Package from South Lake Tahoe,Lake Tahoe,54.23,North,1,,0,1,0,0,0
Junior Snowboard Package from South Lake Tahoe,Lake Tahoe,54.23,North,3.5,,0,1,0,0,0
La Brea Tar Pits Tour by Segway,Los Angeles,148,South,2.5,,0,1,1,1,0
La Jolla & San Diego Beaches Tour,San Diego,32.95,South,2,,1,1,0,1,0
La Jolla Coastal Bike Tour,San Diego,40,South,0.5,,0,1,1,1,0
La Jolla Full-Day Performance Hard Tail Electric Bike Rental,San Diego,95,South,1,,0,1,1,0,0
La Jolla Half Day Electric Beach Cruiser Rental,San Diego,40,South,2.5,,1,0,1,0,0
La Jolla Sea Caves Kayak Tour,San Diego,44,South,5,,1,1,0,1,0
La Jolla Segway Tour,San Diego,148.99,South,3.5,,0,1,1,1,0
La Jolla Whale Watching Kayak Adventure,San Diego,55,South,2,,1,1,0,0,0
Lake Tahoe Ebike 2 Day Adventure,Tahoe City,400,North,1.5,,0,1,1,0,0
Lake Tahoe Semi-Private Photography Tour,Lake Tahoe,169,North,0.5,,0,0,0,1,0
Lake Tahoe Snowshoeing Tour,Lake Tahoe,125,North,0.5,,0,1,0,1,0
Lake Tahoe's Emerald Bay Cruise on M.S. Dixie II,Lake Tahoe,64,North,2.5,,1,0,0,0,1
Little Italy and North Beach Walking Tour,San Francisco,69,North,2.5,,0,1,1,1,0
Little Italy and Waterfront Segway Tour in San Diego,San Diego,49,South,3,,0,1,1,1,0
Lockdown- Medieval Escape Room Experience,San Diego,31.99,South,0.5,,0,0,0,1,0
Lockdown- Science Escape Room Experience,San Diego,31.99,South,2.5,,0,0,0,1,0
Lockdown- Western Escape Room Experience,San Diego,31.99,South,2,,0,0,0,1,0
Los Angeles Afternoon Sightseeing Tour With Hollywood Sign and Star Homes,Los Angeles,63.99,South,2.5,,0,0,0,1,0
Los Angeles Arts District Walking Tour,Los Angeles,22,South,1,,0,1,1,1,0
Los Angeles Beach Cruiser Bike Rental,Venice,22,South,3,,0,1,1,0,0
Los Angeles Beginnings Walking Tour,Los Angeles,22,South,3,,0,1,1,1,0
Los Angeles Champagne Brunch Cruise,Newport Beach,90.7,South,2.5,,1,0,0,0,1
Los Angeles City Tour and Movie Stars' Homes Tour,Los Angeles,109,South,5,,0,0,0,1,0
Los Angeles City Tour By Night,Los Angeles,65,South,3,,1,0,0,1,1
Los Angeles Combo: Hop-On Hop-Off Bus Tour and Self-Guided Beverly,Los Angeles,89,South,2,,0,0,0,1,0
Los Angeles Day Trip: Sightseeing by Bike,Anaheim,211.99,South,4,,0,1,1,0,0
Los Angeles Dinner Cruise,Newport Beach,115.13,South,1,,0,0,0,0,1
Los Angeles Driving Tour with Private Local Guide,Los Angeles,121,South,1.5,,0,0,0,1,0
Los Angeles Ethnic Neighborhoods Food and Culture,Los Angeles,88,South,3,,0,0,0,0,1
Los Angeles Exotic Car Ride-Along,Fontana,98.99,South,3.5,,0,0,0,1,0
Los Angeles Farmers Market Small-Group Food Walking Tour,Los Angeles,59,South,4.5,,0,0,1,1,1
Los Angeles Getty Scavenger Hunt Adventure,Los Angeles,15,South,1,,0,1,1,1,0
"Los Angeles Highlights Tour: Santa Monica, Venice Beach, Hollywood and Beverly Hills",Los Angeles,149,South,4,,1,0,0,1,0
Los Angeles Hop-On Hop-Off Double-Decker Bus Tour,Los Angeles,49,South,2.5,,0,0,0,1,0
Los Angeles Horseback-Riding Tour to the Hollywood Sign,Anaheim,118.99,South,4.5,,0,0,0,1,0
Los Angeles Indoor Skydiving for First-Time Flyers,Universal City,59.89,South,1.5,,0,0,0,1,0
Los Angeles Latin Food and Culture Small-Group Walking Tour,Los Angeles,75,South,1.5,,0,1,1,1,1
Los Angeles Miracle Mile Segway Tour,Los Angeles,75,South,4,,0,1,1,1,0
Los Angeles Movie Locations Bus Tour,Los Angeles,60,South,1.5,,0,0,0,1,0
Los Angeles Private Full-Day Tour,Los Angeles,595,South,3.5,,0,0,0,1,0
Los Angeles Private Tour,Los Angeles,599,South,5,,0,0,0,1,0
Los Angeles Ride to the Beach,Los Angeles,125,South,4,,1,0,0,0,0
Los Angeles Scavenger Hunt Adventure,Los Angeles,15,South,4.5,,0,1,1,0,0
Los Angeles Sports Car Driving Experience,Fontana,248.99,South,3,,0,1,0,0,0
Los Angeles Taco Tour by Bike,West Hollywood,100,South,1,,0,1,1,1,0
Los Angeles: Book a Local Host for a whole day,Los Angeles,134.93,South,4.5,,0,0,0,1,0
Los Angeles: Book a Local Host for half a day,Los Angeles,78.12,South,1.5,,0,0,0,1,0
Los Angeles: Mexican infusion dinner with a local,Los Angeles,92.76,South,4.5,,0,0,0,0,1
Luxury Catamaran Sunset and Wine Cruise,Dana Point,39,South,2,,1,0,0,0,1
Luxury Scenic Sailing Tour,San Diego,79,South,5,,0,0,0,1,0
M.S Dixie II Sunset Dinner Cruise,Lake Tahoe,94,North,5,,1,0,0,0,1
Madame Tussauds and Hollywood Behind-the-Scenes Tour Package,Los Angeles,55,South,4,,0,0,0,1,0
"Madame Tussauds Hollywood, Movie Stars' Homes Tour and Hop-on Hop-off Double Decker Bus",Los Angeles,85,South,4.5,,0,0,0,1,0
Malibu Stars' Homes Tour,Santa Monica,45,South,5,,0,0,0,1,0
Malibu Stars' Homes Tour and 48-hour Hop-on Hop-off Double Decker Bus,Santa Monica,99,South,5,,0,0,0,1,0
Malibu: Beach House Special Dinner,Malibu,177.99,South,3,,0,0,0,0,1
Mammoth Mountain Performance Ski Rental Including Delivery,Mammoth Lakes,102.39,North,1.5,,0,1,0,0,0
Mammoth Mountain Premium Ski Rental Including Delivery,Mammoth Lakes,121,North,0.5,,0,1,0,0,0
Mammoth Mountain Premium Snowboard Rental Including Delivery,Mammoth Lakes,121,North,2,,0,1,0,0,0
Marin County Oyster Farm Tour and Tasting,Inverness,195,North,3,,0,0,0,1,1
MetroDemic Scavenger Hunt in San Jose,San Jose,20,North,5,,0,0,1,1,0
Midtown Sacramento Arts Tour,Sacramento,78,North,1,,0,0,0,1,0
Mini Majestic Electric Bike Tour,San Francisco,84,North,3,,0,1,1,1,0
Mini Wine Tour and Airport Transfer,Napa,400,North,0.5,,0,0,0,1,1
Mission 18th Street San Francisco Food Tour,San Francisco,113,North,3.5,,0,0,0,1,1
Mission 24th Street San Francisco Food Tour,San Francisco,113,North,4.5,,0,0,0,1,1
Mission District Culinary Experience with Cocktail Pairing,San Francisco,102,North,2,,0,0,0,0,1
Mission District Food Tasting and Cultural Walking Tour,San Francisco,69,North,5,,0,1,1,1,1
Monterey & Carmel Explorer with optional Aquarium,San Francisco,99,North,3.5,,1,0,1,1,0
Monterey and Carmel-by-the-Sea Private Tour from San Francisco,San Francisco,1100,North,3.5,,1,0,0,1,0
Monterey Bay Coastal Day Trip from San Francisco with Driver and Transportation,San Francisco,399,North,3,,1,1,0,1,0
Monterey Bay Sunset Appetizer Cruise,Monterey,89,Central,3.5,,1,0,0,0,1
Monterey Bay Sunset Dinner Sail,Monterey,115,Central,1.5,,1,0,0,0,1
Monterey Bay Sunset Sailing Cruise With Complimentary Wine,Monterey,75,Central,1,,1,0,0,0,1
Monterey Laguna Seca One Day Formula Car Racing Program,Monterey,2345,Central,1,,0,0,0,0,0
Monterey Laguna Seca Three Day Formula Car Racing Program,Monterey,6985,Central,4.5,,0,0,0,0,0
Monterey Laguna Seca Two Day Formula Car Racing Program,Monterey,4675,Central,0.5,,0,0,0,0,0
Monterey Original Walking Tours,Monterey,25,Central,4,,0,1,1,1,0
Monterey Tasting Priority Pass,Monterey,49.99,Central,2.5,,0,0,0,0,1
Monterey with Carmel and 17 Mile Drive - Private SUV Tour,San Francisco,750,North,3,,0,0,0,1,0
Mount Tamalpais Views and Redwoods Hike,San Francisco,85,North,3,,0,1,1,1,0
Mountain Biking Clinic,Santa Cruz,90,North,3,,0,1,1,0,0
Movie Stars' Homes Tour,Los Angeles,60,South,1,,0,0,0,1,0
Mt Wilson Mountain Bike Enduro Day,Pasadena,55,South,5,,0,1,1,0,0
Muir Woods & Wine Country w/ optional Gourmet Lunch,San Francisco,117,North,2.5,,0,0,0,0,1
Muir Woods and Sausalito and Wine Country,San Francisco,139,North,1.5,,0,0,0,0,1
Muir Woods and Sausalito Half Day Tour,San Francisco,65,North,2,,0,0,0,1,0
Muir Woods and Sausalito Morning Tour,San Francisco,66,North,3,,0,0,0,1,0
Muir Woods and Sausalito Tour by Hop-On Hop-Off Bus,San Francisco,59.99,North,5,,0,0,0,1,0
Muir Woods and Sausalito Tour plus Bay Cruise,San Francisco,93,North,0.5,,1,0,0,1,0
Muir Woods and Wine Country Private Tour,Mill Valley,695,North,4,,0,0,0,1,1
Muir Woods Expedition Tour,San Francisco,82,North,4,,0,1,0,1,0
Muir Woods Tour of California Coastal Redwoods,San Francisco,63,North,2,,0,1,0,1,0
Muir Woods Zip Line and Private Wine Tour From San Francisco,Mill Valley,479,North,2,,0,0,0,1,1
"Muir Woods, Giant Redwoods and Sausalito Half-Day Trip",San Francisco,62,North,2.5,,0,1,1,1,0
"Muir Woods, Napa and Sonoma Combo Private Tour in Luxury Cadillac",San Francisco,1300,North,5,,0,0,0,1,0
"Muir Woods, Wine Country and Sausalito Town & Ferry",Mill Valley,129,North,0.5,,0,0,0,1,1
Napa and Sonoma Private Group Tour,San Francisco,900,North,4.5,,0,0,0,1,1
Napa and Sonoma Valley Wine Tour and San Francisco Bay Cruise,San Francisco,132,North,5,,0,0,0,1,1
Napa and Sonoma Valley Wine Tour from San Francisco,Napa,612,North,1.5,,0,0,0,1,1
Napa and Sonoma Wine Country Tour,Napa,99,North,3,,0,0,0,1,1
Napa and Sonoma Wine Education Tour with Lunch,Napa,149,North,3.5,,0,0,0,1,1
Napa and Sonoma Wine Tour from San Francisco,Napa,134,North,1.5,,0,0,0,1,1
Napa and Sonoma Wine Tour in 8 passenger Mercedes Benz Sprinter limousine,Napa,800,North,1,,0,0,0,1,1
Napa by Helicopter with Wine Tasting and Food Pairing,Napa,435,North,2.5,,0,0,0,1,1
Napa Valley Bike and Kayak Wine Tour,Sonoma,175,North,4.5,,1,1,1,1,1
Napa Valley Bike and Wine Tour,Napa,159,North,3,,0,1,1,1,1
Napa Valley Highlight Tour,Napa,699,North,2,,0,0,0,1,0
Napa Valley Hot-Air-Balloon Ride with Sparkling Wine Brunch,Napa,239,North,3,,0,1,1,0,1
Napa Valley Private River Cruise,Napa,2062,North,3.5,,1,0,0,0,1
Napa Valley Small Group Wine Tour,Napa,160,North,3.5,,0,0,0,1,1
Napa Valley Wine Country Tour from San Francisco,Napa,119,North,2,,0,0,0,1,1
Napa Valley Wine Tour - Small Group,Napa,125,North,2,,0,0,0,1,1
Napa Valley Wine Tour from San Francisco,Napa,139,North,5,,0,0,0,1,1
Napa Valley wine tour in 12 passenger Mercedes Benz party bus limousine,Napa,985,North,3,,0,0,0,1,1
"Napa Valley Wine Train from San Francisco: Gourmet Lunch, Wine Tasting and Vineyard Tour",Napa,291,North,0.5,,0,0,0,1,1
Napa Valley Wine Train with Gourmet Dinner,Napa,161,North,3.5,,0,0,0,0,1
Napa Valley Wine Train with Gourmet Lunch,Napa,151,North,1.5,,0,0,0,0,1
Napa Valley Wine Train with Gourmet Lunch and Transport from San Francisco,Napa,231,North,0.5,,0,0,0,0,1
"Napa Valley Wine Train with Gourmet Lunch, Wine Tasting and Vineyard Tours",Napa,211,North,4.5,,0,0,0,1,1
Napa Valley Wine Trolley,Napa,99,North,2.5,,0,0,0,0,1
Napa Valley Wine Trolley and Castle Tour,Napa,139,North,3.5,,0,0,0,1,1
Napa Valley Wineries Tour,Napa,129,North,5,,0,0,0,1,1
Napa Wine Tasting Priority Pass,Napa,26,North,4.5,,0,0,0,0,1
Napa Wine Tour,Napa,481.25,North,4.5,,0,0,0,1,1
Napa Winery Tour from San Francisco,Napa,125,North,5,,0,0,0,1,1
Natural Wonders of Yosemite Tour from San Francisco,San Francisco,219,North,4,,0,0,1,1,0
Nature Cruise and Whale Watching Tour,San Diego,800,South,3,,1,1,0,1,0
Nature Wildlife Package to California's Redwoods with Aquarium and …,San Francisco,105,North,5,,0,0,0,0,0
New Years Day Tournament of Roses Parade,Los Angeles,495,South,5,,0,0,0,1,0
Night Chinatown and Little Italy Segway Tour,San Francisco,75,North,3.5,,0,1,1,1,1
Nob Hill Walking Tour in San Francisco with Optional Lunch,San Francisco,40,North,3.5,,0,1,1,1,1
NoPa-Alamo Square Gourmet Tour,San Francisco,90.99,North,3.5,,0,0,0,1,1
North Beach and Chinatown Food Tour,San Francisco,139,North,4,,0,0,0,1,1
North Beach Culinary Experience with Alcohol Pairing,San Francisco,105,North,2,,0,0,0,1,1
North Beach Food Tasting and Cultural Walking Tour,San Francisco,69,North,5,,0,0,0,1,1
North Lake Tahoe Premium Ski Rental Including Delivery,Truckee,113.04,North,4,,0,1,0,0,0
North Lake Tahoe Premium Snowboard Rental Including Delivery,Truckee,113.04,North,0.5,,0,1,0,0,0
Northern California Winery Tours,Napa,316,North,4,,0,0,0,1,1
Northern Sonoma Small Group Wine Tour,Sonoma,100,North,0.5,,0,0,0,1,1
Oakland's Temescal Beers and Bites,Oakland,110,North,4.5,,0,0,0,0,1
Oakland's Temescal Tastes Tour,Oakland,108,North,0.5,,0,0,0,1,1
Off-Road Giant Sequoia 4x4 Tour,Fish Camp,349,North,3,,0,0,0,1,0
Old and New Downtown Los Angeles Tour,Los Angeles,22,South,4,,0,0,1,1,0
Old Town Tequila and Tortillas San Diego Small Group Tour with a …,San Diego,52,South,4.5,,0,0,0,1,1
Old Town Tequila and Tortillas San Diego Small Group Tour with a Local Guide,San Diego,52,South,3.5,,0,0,0,1,1
One Hour Harbor Cruise and Sea Lion Adventure,San Diego,25,South,2.5,,1,0,0,0,0
One Hour Private VIP Hollywood Tour,Los Angeles,119.99,South,4.5,,0,0,0,1,0
Orange County Coastal Adventure Tour,Anaheim,95,South,2.5,,0,1,0,1,0
Outdoor Rock Climbing - Level 2,Los Gatos,99,North,5,,0,1,0,1,0
Outdoor Trivia Race in San Diego,San Diego,20,South,4,,0,0,0,0,0
Outdoor Trivia Race in San Francisco,San Francisco,20,North,4,,0,0,0,0,0
Pacific Palisades : Paleo cooking class,Los Angeles,136.63,South,2.5,,0,0,0,0,1
Paintball Adventure in San Diego,San Diego,35,South,1.5,,0,1,0,0,0
Palm Springs Celebrity 2.5-Hour Grand Tour,Palm Springs,49,South,2.5,,0,0,0,1,0
Palm Springs General Admission to The Living Desert,Palm Desert,19.95,South,4.5,,0,0,0,0,0
Paso Robles Scavenger Hunt Adventure,Paso Robles,15,Central,4.5,,0,1,1,1,0
Paso Robles Wine Adventure,Paso Robles,69,Central,2,,0,0,0,1,1
Performance Ski Rental Package from North Lake Tahoe,Lake Tahoe,98.49,North,2,,0,1,0,0,0
Performance Snowboard Package from North Lake Tahoe,Lake Tahoe,98.49,North,5,,0,1,0,0,0
Pismo Beach Dune Buggy Experience,Oceano,123.99,Central,2,,1,1,1,0,0
Private 2-Hour Monterey Bay Dinner Cruise,Monterey,699,Central,0.5,,1,0,0,0,1
Private 2-Hour Sunset Tour,San Diego,400,South,1.5,,0,0,0,1,0
Private 2-Hour Wedding Cruise on Monterey Bay,Monterey,549,Central,5,,1,0,0,0,0
Private 2016 Lincoln MKT Limousine Wine Country Tour of Napa Valley,Napa,989,North,1.5,,0,0,0,1,1
Private 6-Hour Napa and Sonoma Wine Tour by Luxury SUV,Napa,319,North,5,,0,0,0,1,1
Private 6-Hour Napa Wine Tour from San Francisco,Napa,"1,200.00",North,2.5,,0,0,0,1,1
Private 8 Hour Napa Valley Wine Tour,Napa,529.95,North,3.5,,0,0,0,1,1
Private 90 Minute San Diego Bay Tour for 6 People,San Diego,250,South,0.5,,1,0,0,1,0
Private 90-Minute Harbor Tour,San Diego,250,South,1.5,,1,0,0,1,0
Private All Inclusive Wine Tour in Santa Barbara Wine Country,Santa Barbara,150,Central,1.5,,0,0,0,1,1
Private Balboa Park Segway Tour,San Diego,59,South,3,,0,1,1,1,0
Private Beer and Wine Tour of Sonoma and Napa from San Francisco,Sonoma,419,North,5,,0,0,0,1,1
Private Boat Charter for The Mission Bay Boat Parade of Lights,San Diego,390,South,2.5,,1,0,0,0,0
Private Cabernet Sauvignon Wine Tour in Napa Valley,Napa,460,North,4,,0,0,0,1,1
Private California Coast and Redwoods Tour,San Francisco,228.11,North,1.5,,0,1,0,1,0
Private City Tour of San Francisco,San Francisco,198,North,5,,0,0,0,1,0
Private Coastal Tour of San Diego,San Diego,597,South,2.5,,0,1,0,1,0
Private Crossover SUV Wine Country Tour of Napa Valley,Napa,679,North,5,,0,0,0,1,1
Private Custom Tour,Solvang,250,Central,1,,0,0,0,1,0
Private Customized Wine Tour of Napa or Sonoma Valley from San Francisco Bay Area,San Francisco,900,North,1.5,,0,0,0,1,1
Private Day Sail for 4-6 People,San Diego,323.64,South,2,,1,1,0,1,0
Private Fishing Adventure from Dana Point,Dana Point,1300,South,4,,1,1,0,1,0
Private Full-Day Napa Wine Tour in a Luxury Vehicle,Napa,465,North,2,,0,0,0,1,1
Private Group Wine Tour of Santa Barbara Wine Country,Santa Barbara,136.25,Central,3.5,,0,0,0,1,1
Private Guided Hiking Tour in Yosemite,Sonoma,135,North,2,,0,1,0,1,0
Private Half-Day Los Angeles City Tour,Los Angeles,535,South,0.5,,0,0,0,1,0
Private Half-Day Mountain Bike Tour Near Los Angeles,Los Angeles,200,South,5,,0,1,1,1,0
Private Half-Day San Francisco Highlights Tour,San Francisco,319,North,1,,0,0,0,1,0
Private Hollywood and Los Angeles in a Day Tour,Los Angeles,799,South,3.5,,0,0,0,1,0
Private Lexus Sedan Napa Valley Wine Country Tour,Napa,899,North,2.5,,0,0,0,1,1
Private Limo Tour of Napa Valley or Sonoma Valley from San Francisco,Napa,599,North,2,,0,0,0,1,1
Private Limousine Wine Country Tour from East Bay,Oakland,599,North,0.5,,0,0,0,1,1
Private Limousine Wine Country Tour of Sonoma or Napa,Napa,849,North,4,,0,0,0,1,1
Private Los Angeles City Tour,Los Angeles,185,South,4.5,,0,0,0,1,0
Private Los Angeles Downtown Tour with Complementary Artisan Coffee,Los Angeles,91,South,1,,0,0,0,1,1
Private Los Angeles Helicopter Ride with Rooftop Landing,Los Angeles,499,South,4.5,,0,1,0,1,0
Private Los Angeles Must-See Tour,Los Angeles,255,South,2.5,,0,0,0,1,0
Private Los Angeles Night Tour: all must-see sites in Downtown LA and Hollywood,Los Angeles,109,South,3.5,,0,0,0,1,1
Private Luxurious Tour of Los Angeles,Los Angeles,249,South,1.5,,0,0,0,1,0
Private Luxury Napa Sonoma Valley Wine Tour,Napa,450,North,1.5,,0,0,0,1,1
Private Luxury Napa Sonoma Valley Wine Tour 8 Hour,Napa,600,North,1,,0,0,0,1,1
Private Monterey and California Coast Day Trip,San Francisco,227.55,North,4,,0,1,0,1,0
Private Muir Woods and Napa Wine Tour From San Francisco,Mill Valley,399,North,2,,0,0,0,1,1
Private Muir Woods and Sausalito Half-Day Trip,San Francisco,160,North,2,,0,1,0,1,0
Private Muir Woods and Wine Country Tour from San Francisco,San Francisco,460,North,2,,0,0,0,1,1
"Private Muir Woods, Sausalito, Tiburon and Wine Country Tour from San Francisco",Mill Valley,499,North,5,,0,0,0,1,1
Private Napa Sonoma Gourmet Food and Wine Tour,Napa,599.99,North,1,,0,0,0,1,1
Private Napa Sonoma Party Bus Tour,San Francisco,800,North,2,,0,0,0,1,1
Private Napa Valley Customized Wine Tour,Napa,420,North,3,,0,0,0,1,1
Private Napa Valley Day Trip from San Francisco,San Francisco,1299,North,3,,0,0,0,1,0
Private Napa Valley Wine Country Tour in Lincoln MKT,Napa,629,North,2,,0,0,0,1,1
Private Napa Valley Wine Tour 1/2 Day,Napa,575,North,2,,0,0,0,1,1
Private Napa Valley Wine Tour 5 Wineries,Napa,"1,200.00",North,5,,0,0,0,1,1
Private Napa Valley Wine Tour from San Francisco,Napa,"1,200.00",North,1,,0,0,0,1,1
Private Napa Valley Wine Tour with Food and Shuttle,Napa,499,North,4,,0,0,0,1,1
Private Napa Valley Wineries Day Trip,Napa,650,North,2.5,,0,0,0,1,1
Private Party Bus Tour in the Santa Ynez Valley,Santa Barbara,139,Central,5,,0,0,0,1,1
Private Romantic Sunset Champagne Seaplane Tour over San Francisco,San Francisco,562,North,4.5,,1,0,0,1,1
Private Russian River Wine Tour and Scenic Horseback Ride in Wine Country,San Francisco,479,North,2,,0,1,0,1,1
Private Russian River Wine Tour from San Francisco,San Francisco,399,North,0.5,,0,0,0,1,1
Private Sailing Charter on San Diego Bay,San Diego,399,South,2.5,,1,1,0,1,0
Private Sailing Cruise on Monterey Bay,Monterey,249,Central,1.5,,1,0,0,0,0
Private San Diego Brewery Tour,San Diego,100,South,4.5,,0,0,0,1,0
Private San Diego City and La Jolla Coast Tour,San Diego,499,South,4.5,,0,0,0,1,0
Private San Diego Sailing Adventure,San Diego,500,South,0.5,,1,0,0,0,0
Private San Diego Sightseeing Tour,San Diego,90,South,3,,0,0,0,1,0
Private San Francisco City Tour,San Francisco,155,North,1.5,,0,0,0,1,0
Private San Francisco SUV Tour by a Local,San Francisco,395,North,1,,0,0,0,1,0
Private San Francisco to Napa Valley Day Trip,San Francisco,989,North,0.5,,0,0,0,1,0
Private San Francisco to Napa Wine Tour,Napa,599,North,3.5,,0,0,0,1,1
Private San Francisco Tour with Muir Woods and Sausalito,San Francisco,695,North,1.5,,0,1,0,1,0
Private San Francisco Walking Tour of Chinatown and North Beach,San Francisco,200,North,4,,0,1,1,1,0
Private Santa Cruz Mountains and Bay Area Wine Tour From San Francisco,Santa Cruz,399,North,4.5,,0,0,0,1,1
Private Sausalito Waterfront Treasure Hunt,Sausalito,40,North,3,,0,1,0,1,0
Private Scenic San Diego Segway Tour,San Diego,75,South,2.5,,0,1,1,1,0
Private Segway Experience Through La Jolla,San Diego,68,South,0.5,,0,1,1,1,0
Private Segway Tour - Chinatown by Night,San Francisco,115,North,1.5,,0,1,1,1,1
Private Segway Tour - Wharf & Hills of San Francisco,San Francisco,115,North,2.5,,0,1,1,1,0
Private Segway Tours of Golden Gate Park,San Francisco,115,North,2.5,,0,1,1,1,0
Private sightseeing tour of Beverly Hills,Los Angeles,399,South,1.5,,0,0,0,1,0
Private Sightseeing Tour of Los Angeles in a Luxurious SUV,Los Angeles,399,South,2.5,,0,0,0,1,0
Private Sightseeing Tour of Los Angeles with a Vegan Touch,Los Angeles,149,South,5,,0,0,0,1,0
Private Sonoma and Napa Wine Tour from San Francisco,San Francisco,399.00,North,1,,0,0,0,1,1
Private Sunset Sail for 4-6 People,San Diego,520.84,South,5,,1,0,0,0,0
Private Sunset Sail for Two,San Diego,346.84,South,3,,1,0,0,0,0
"Private Tour of Huntington Beach, Newport Beach and Laguna Beach",Huntington Beach,400,South,3.5,,1,0,0,1,0
"Private Tour of Muir Woods, Sausalito, and San Francisco",San Francisco,474.95,North,2,,0,0,0,1,0
Private Tour San Francisco to Napa Valley up to 6 people in Cadillac ,San Francisco,1300,North,4,,0,0,0,1,0
Private Tour to Muir Woods and Sausalito,San Francisco,395,North,1,,0,0,0,1,0
Private Tour to Sonoma and Napa Wine Country,San Francisco,695,North,4.5,,0,0,0,1,1
Private Tour to Yosemite National Park from San Francisco,San Francisco,1195,North,3.5,,0,1,0,1,0
Private Tour: Balboa Park in San Diego,San Diego,149,South,1.5,,0,0,0,1,0
Private Tour: Coronado Sightseeing from San Diego,San Diego,149,South,4,,0,0,0,1,0
Private Tour: Hollywood Highlights or Celebrity Homes of Beverly Hills,Los Angeles,149,South,4,,0,0,0,1,0
"Private Tour: Hollywood Hotel, Restaurants, Bars",Los Angeles,399,South,5,,0,0,0,1,0
Private Tour: Malibu Wine Tasting for Two by Limousine from Los Angeles,Los Angeles,895,South,1.5,,0,0,0,1,1
Private Tour: Malibu Wine Tasting from Los Angeles,Los Angeles,395,South,4,,0,0,0,1,1
Private Tour: Muir Woods and Wine Country - 10 Hour,Napa,649.49,North,3.5,,0,0,0,1,1
Private Tour: Personal Travel Photographer Tour in Los Angeles,Los Angeles,212.47,South,2,,0,0,0,1,0
Private Tour: Personal Travel Photographer Tour in San Francisco,San Francisco,281,North,2.5,,0,0,0,1,0
Private Tour: San Diego Helicopter Flight to Temecula Winery,San Diego,420.38,South,1.5,,0,1,0,1,1
Private Tour: San Francisco Sightseeing - 3 Hour,San Francisco,269.95,North,4.5,,0,0,0,1,0
Private Tour: San Francisco to Napa or Sonoma Wine Country,Napa,420,North,4,,0,0,0,1,1
"Private Tour: Santa Monica Hotel, Restaurants, Bars",Los Angeles,399,South,3.5,,0,0,0,1,0
Private Tour: Wine Country Day Trip from San Francisco,Napa,227.55,North,4,,0,0,0,1,1
Private Tour: Yosemite Hike with Naturalist Guide,Sonoma,237.5,North,0.5,,0,1,1,1,0
Private Tours at Disneyland and California Adventure,Anaheim,900,South,3,,0,0,0,1,0
Private Two Hour Sunset Cruise,Monterey,549,Central,0.5,,1,0,0,1,0
Private Whale and Dolphin Adventure 2 hour Excursion in Dana Point,Dana Point,550,South,4.5,,1,1,0,1,0
Private Whale Watching Expedition from Dana Point,Dana Point,475,South,1,,1,1,0,0,0
Private Wine Country Tour from San Francisco,Napa,375,North,2,,0,0,0,1,1
Private Wine Tasting Tour of Santa Ynez Valley,Santa Barbara,125,Central,2.5,,0,0,0,1,1
Private Wine Tour for Two,Solvang,632.5,Central,4.5,,0,0,0,1,1
"Private Wine Tour of Sonoma County, Scenic Zip Lining and Horseback Riding",San Francisco,479,North,1,,0,0,0,1,1
Private Wine Tour to Napa and Sonoma,Napa,549.99,North,1,,0,0,0,1,1
"Private Wine Tour, Beer Tour, Zip line and Horseback Riding in Wine Country",Napa,479,North,0.5,,0,1,1,1,1
Private Winemaker's Wine Tour of Santa Barbara,Santa Barbara,269,Central,3,,0,0,0,1,1
Private Yacht Charter from Napa to San Francisco Bay,Napa,2950,North,4.5,,1,0,0,0,0
Private Yosemite National Park Day Trip from San Francisco,San Francisco,372.56,North,0.5,,0,1,0,1,0
Privately Customized Tour of Los Angeles,Los Angeles,219,South,0.5,,0,0,0,1,0
Public 2-Hour Sunset Sea Tour,San Diego,75,South,4.5,,1,0,0,1,0
Radical SF: Castro and Mission Districts,San Francisco,24,North,3,,0,0,1,1,0
Ramen Noodle Making Party in San Francisco,San Francisco,90.25,North,1,,0,0,0,0,1
Rappelling Adventures in Joshua Tree National Park,Joshua Tree,75,South,4,,0,1,1,1,0
Redwoods of Mill Valley and Marin Walking Tour from Sausalito,San Francisco,55,North,1,,0,1,1,1,0
Rock Climbing Anchors Class in Joshua Tree National Park,Joshua Tree,295,South,5,,0,1,1,1,1
Rockaway Beach Segway Tour in Pacifica,San Francisco,85,North,1,,1,1,1,1,0
Runyon Canyon Hiking Tour,Los Angeles,149,South,3.5,,0,0,1,1,0
Russian Hill Gourmet Food Tour,San Francisco,80.99,North,0.5,,0,0,0,1,1
Russian River Valley or Dry Creek Valley Wine Tour by Segway,Healdsburg,99,North,4,,0,0,1,1,1
Russian River Valley Wine Tasting Bike Tour,Healdsburg,190,North,0.5,,0,1,1,1,1
Sacramento Scavenger Hunt Adventure,Sacramento,15,North,0.5,,0,1,1,1,0
Safari West Sonoma Admission and Jeep Tour,Santa Rosa,83,North,1.5,,0,0,0,1,0
San Andreas Fault Hummer Tour,Palm Springs,149,South,3.5,,0,1,0,1,0
San Andreas Fault Jeep Tour,Palm Springs,169,South,5,,0,0,0,1,0
San Andreas Fault Small-Group Jeep Tour from Palm Desert,Palm Springs,139,South,2,,0,0,0,1,0
San Diego - Balboa Park Scavenger Hunt Adventure,San Diego,15,South,2,,0,1,1,1,0
San Diego Bay Sailing Tour,San Diego,79,South,1,,1,0,0,1,0
San Diego Beach and La Jolla Torrey Pine Tour,San Diego,69,South,5,,1,1,0,1,0
San Diego Beer Stroll Tour,San Diego,62,South,1,,0,0,1,1,1
San Diego Brewery Tours,San Diego,95.00,South,3.5,,0,0,0,1,1
San Diego Champagne Brunch Cruise,San Diego,87.33,South,2,,1,0,0,0,1
San Diego City and Tijuana Deluxe Combo Sightseeing Tour,San Diego,115,South,2.5,,0,0,0,1,0
San Diego City Loop Segway Tour Including Gaslamp and Balboa Park,San Diego,89,South,2.5,,0,1,1,1,0
San Diego City Sightseeing Tour Including La Jolla,San Diego,46,South,1.5,,0,0,0,1,0
San Diego City Tour,San Diego,48,South,0.5,,0,0,0,1,0
San Diego Club Crawl,San Diego,29.00,South,0.5,,0,0,0,0,1
San Diego Coast Bike Tour from La Jolla,La Jolla,149,South,5,,0,1,1,1,0
San Diego Dinner Cruise with Beer Pairings,San Diego,89.32,South,1.5,,0,0,0,0,1
San Diego Early Bird Segway Tour,San Diego,49,South,4.5,,0,1,1,1,0
San Diego Food and Wine Cruise,San Diego,49,South,2,,1,0,0,0,1
San Diego Gaslamp Segway Tour,San Diego,148.99,South,3.5,,0,1,1,1,0
San Diego GoCar Tour,San Diego,65.25,South,1,,0,1,1,1,0
San Diego Guided Bike Tour,San Diego,50,South,2.5,,0,1,1,1,0
San Diego Half Day Premium Electric Bike Rental,La Jolla,65,South,3.5,,0,1,1,0,0
San Diego Half-Day Marine Wildlife Tour with Lunch,San Diego,172.84,South,1.5,,1,0,0,1,1
San Diego Harbor Dinner Cruise,San Diego,89.82,South,2,,1,0,0,0,1
San Diego Harbor Speed Boat Adventure,San Diego,69.89,South,1,,1,1,0,1,0
San Diego Highlights,San Diego,149,South,5,,0,0,0,1,0
San Diego Life at the Beach Tour,San Diego,75,South,3.5,,1,1,0,1,0
San Diego Luxury Dinner Cruise with Window Seating and Champagne,San Francisco,126.59,North,3,,1,0,0,0,1
San Diego Micro brewery Tour,San Diego,85,South,4.5,,0,0,0,1,1
San Diego Scavenger Hunt Adventure,San Diego,15,South,2.5,,0,1,1,1,0
San Diego Scenic Tour,San Diego,55,South,1,,0,1,1,1,0
San Diego Segway Lesson for Beginners,San Diego,30,South,1.5,,0,0,1,0,0
San Diego Shore Excursion: City and La Jolla Coast Tour,San Diego,48,South,0.5,,0,1,0,1,0
San Diego Shore Excursion: San Diego Hop-On Hop-Off Trolley,San Diego,39.95,South,1,,0,0,0,1,0
San Diego Small-Group Sail,San Diego,145,South,4,,1,0,0,1,0
San Diego Sunday Champagne Brunch Cruise,San Diego,83.7,South,3.5,,1,0,0,0,1
San Diego Sunset Sail,San Diego,103.24,South,4,,1,1,0,1,0
San Diego Tour: Hop-on Hop-off Trolley,San Diego,39.95,South,5,,0,0,0,1,0
San Diego Whale Watching Cruise and Maritime Museum Entry,San Diego,79,South,2.5,,1,1,0,0,0
San Diego Whale Watching Expedition Cruise,San Diego,42,South,3,,1,1,0,0,0
San Diego Whale Watching Sailboat Cruise,San Diego,85,South,1,,1,1,0,0,0
San Diego Whale Watching Sailing Tour,San Diego,89,South,0.5,,1,1,0,1,0
San Diego Wine Tasting Priority Pass,San Diego,49.99,South,2,,0,0,0,0,1
San Diego Zoo Transportation and Tickets,San Diego,69,South,3,,0,0,0,0,0
San Diego: Pacific Beach walking and gastronomic tour,San Diego,90.25,South,1.5,,0,1,1,1,0
San Diego: Special Italian dinner with a Professional Chef,San Diego,92.76,South,2.5,,0,0,0,0,1
San Francisco - 2 Day Official Hop-On Hop-Off Tour plus 3 attractions,San Francisco,84.99,North,1.5,,0,0,0,1,0
San Francisco 3-Day Official Hop-On Hop-Off Tour Plus 4 Attractions,San Francisco,99.99,North,3.5,,0,0,0,1,0
San Francisco and Sausalito Tour,San Francisco,70,North,3,,0,0,0,1,0
San Francisco Bay Area and Silicon Valley Private Tour,San Francisco,900,North,2.5,,0,0,0,1,0
San Francisco Bay Friday Sunset Sail,Sausalito,69,North,2,,1,1,0,1,0
San Francisco Bay Sightseeing Boat Tour,San Francisco,95,North,2.5,,1,1,0,1,0
San Francisco Bay Sunset Catamaran Cruise,San Francisco,60,North,4,,1,0,0,0,1
San Francisco Bay Sunset Wine-Tasting Cruise,San Francisco,79,North,2.5,,1,0,0,0,1
San Francisco Bay Twilight and Sunset Cruise,San Francisco,68,North,2.5,,1,0,0,0,0
San Francisco Bike Rental,San Francisco,36,North,3.5,,0,1,1,0,0
San Francisco By Ebike Day Tour,San Francisco,150,North,2.5,,0,1,1,1,0
San Francisco Champagne Brunch Cruise,San Francisco,101.66,North,1.5,,1,0,0,0,1
San Francisco Chinatown Food Tour,San Francisco,69,North,2.5,,0,0,0,1,1
San Francisco Chinatown Ghost Walking Tour,San Francisco,48,North,1.5,,0,1,1,1,0
San Francisco Chinatown Tour with Optional Lunch,San Francisco,65,North,1,,0,0,0,1,0
San Francisco Chinatown Walking Tour with Optional Lunch,San Francisco,35,North,1,,0,1,1,1,1
San Francisco Christmas Karaoke Tour,San Francisco,49,North,3,,0,0,0,1,0
San Francisco City Afternoon Tour,San Francisco,66,North,0.5,,0,0,0,1,0
San Francisco City and Muir Woods Trip with Optional Bay Cruise or Ferry to Sausalito,San Francisco,158,North,0.5,,1,0,0,0,0
San Francisco City Bike Rental,San Francisco,36,North,1,,0,1,1,0,0
San Francisco City Brew Tour,San Francisco,109,North,4,,0,0,0,1,1
San Francisco City Lights Evening Tour,San Francisco,25,North,4,,0,0,0,1,0
San Francisco City Tour,San Francisco,89,North,1.5,,0,0,0,1,0
San Francisco Coastal Walking Tour from the Golden Gate Bridge,San Francisco,58,North,2,,0,1,1,1,0
San Francisco Coastal Walking Tours,San Francisco,55,North,1.5,,0,1,1,1,0
San Francisco Combo: Ferry Building Food Tour and Alcatraz,San Francisco,145,North,2.5,,0,0,0,1,1
San Francisco Craft Beer Walking Tour in Fisherman's Wharf and North Beach,San Francisco,79,North,1,,0,1,1,1,0
"San Francisco Craft Beer, Bites, and Brewery Tour",San Francisco,159,North,1.5,,0,0,0,1,1
San Francisco Day Tour,San Francisco,380,North,1.5,,0,0,0,1,0
San Francisco Deluxe Half-Day City Tour,San Francisco,62,North,3,,0,0,0,1,0
San Francisco Dinner Dance Cruise,San Francisco,141.36,North,2,,1,0,0,0,1
San Francisco Embarcadero Scavenger Hunt Adventure,San Francisco,15,North,3.5,,0,1,1,1,0
San Francisco Experience - City Tour,San Francisco,75,North,2.5,,0,0,0,1,0
San Francisco Food Safari,San Francisco,20,North,1.5,,0,0,0,0,1
San Francisco Food Tour: A Taste of Japantown,San Francisco,108,North,4.5,,0,0,0,1,1
San Francisco Food Tour: Ferry Building and Ferry Plaza Farmers Market,San Francisco,77,North,2.5,,0,0,0,1,1
San Francisco Food Tour: Little Saigon and the Tendernob,San Francisco,99,North,1,,0,0,0,1,1
San Francisco Food Tour: Mission Food and Drink,San Francisco,99,North,4.5,,0,0,0,1,1
San Francisco Full Day Hop-On Hop-Off Tour,San Francisco,52.99,North,4,,0,0,0,1,0
San Francisco Giants Spectator Cruise in McCovey Cove from Sausalito,Sausalito,69,North,4,,1,0,0,0,0
San Francisco GoCar Tour,San Francisco,65.25,North,1,,0,0,0,1,0
San Francisco Golden Gate Bridge Evening Bike Tour,San Francisco,55,North,4,,0,1,1,1,0
San Francisco Golden Gate Bridge to Sausalito Bike Tour,San Francisco,55,North,4,,0,1,1,1,0
San Francisco Grand City Tour by Luxury Motorcoach,San Francisco,59,North,5,,0,0,0,1,0
San Francisco Helicopter Tour and Sunset Dinner Cruise,San Francisco,375,North,3,,1,1,1,1,1
San Francisco Holiday Nights and Sights,San Francisco,39,North,4.5,,0,0,0,0,1
San Francisco Hop-on Hop-off Plus Bike & Bay Cruise,San Francisco,89,North,2.5,,0,1,1,0,0
San Francisco Hop-on Hop-off Ticket and Alcatraz Tour,San Francisco,111.5,North,4,,0,0,0,1,0
San Francisco Hop-On Hop-Off Tour,San Francisco,25,North,4,,0,0,0,1,0
San Francisco Hybrid Bike Rental,San Francisco,36,North,2,,0,1,1,0,0
San Francisco Independent Bike Tour with Rental,San Francisco,32,North,1,,0,1,1,1,0
San Francisco Independent Electric Bike Tour with Rental,San Francisco,65,North,1.5,,0,1,1,1,0
San Francisco Love Night Tour,San Francisco,55,North,3,,0,0,0,1,1
San Francisco Love Tour,San Francisco,48,North,4,,0,0,0,1,0
San Francisco Mission Sweets Food Tour,San Francisco,55,North,2.5,,0,0,0,1,1
San Francisco Museums Admission and 2-Day Hop-On Hop-Off Tour,San Francisco,93.99,North,2,,0,0,0,1,0
San Francisco Night Tour by Bus,San Francisco,32.99,North,1,,0,0,0,1,1
San Francisco North Beach Pub Crawl,San Francisco,58,North,3,,1,0,0,0,1
San Francisco Private City Tour,San Francisco,408,North,4,,0,0,0,1,0
San Francisco Private Love Tour,San Francisco,396,North,4.5,,0,0,0,1,0
San Francisco Private Sightseeing Tour,San Francisco,240,North,5,,0,0,0,1,0
San Francisco Private Tour,San Francisco,499,North,4,,0,0,0,1,0
San Francisco Scavenger Hunt Adventure,San Francisco,15,North,4.5,,0,1,1,1,0
San Francisco Science Hop,San Francisco,89,North,3,,0,0,0,1,0
San Francisco Segway Tour: North Beach and Ghirardelli Square,San Francisco,60,North,3.5,,1,0,1,1,0
San Francisco Self-Guided Audio Tour,San Francisco,19.99,North,2.5,,0,0,0,1,0
San Francisco Sunrise Photography Tour,San Francisco,380,North,2,,0,0,0,1,0
San Francisco Sunset Photography Tour,San Francisco,380,North,2.5,,0,0,0,1,0
San Francisco Super Saver: City Tour plus Muir Woods and Sausalito Day Trip,San Francisco,112,North,5,,0,1,0,1,0
San Francisco Super Saver: Muir Woods & Wine Country w/ optional Gourmet Lunch,Mill Valley,117,North,5,,0,0,0,0,1
San Francisco to Sausalito Self-Guided Bike Tour,San Francisco,28,North,3.5,,0,1,1,1,0
San Francisco Tour and Cruise Around Alcatraz Island,San Francisco,91,North,4,,1,0,0,1,0
San Francisco Ultra Chocolate Tour,San Francisco,90.99,North,3.5,,0,0,0,1,1
San Francisco Urban Adventure and Alcatraz Tour,San Francisco,175,North,4,,0,0,0,1,0
San Francisco Urban Adventure Tour,San Francisco,139,North,2,,0,0,0,1,0
San Francisco Urban Electric Bike Tour,San Francisco,89,North,4.5,,0,1,1,1,0
San Francisco Urban Hike: Coit Tower and Lombard Street,San Francisco,49,North,4.5,,0,1,1,1,0
"San Francisco Urban Hike: Coit Tower, Lombard Street and North Beach",San Francisco,49,North,5,,1,0,0,0,0
San Francisco Urban Hike: Hills and Hidden Gems,San Francisco,49,North,1,,0,1,1,1,0
San Francisco Urban Hike: The Presidio,San Francisco,49,North,2,,0,1,1,1,0
San Francisco Vegetarian Food Tour,San Francisco,99,North,1.5,,0,0,0,1,1
San Francisco Walking Tour: Fishermans Wharf to the Golden Gate Bridge,San Francisco,50,North,1.5,,0,1,1,1,0
San Francisco Walking Tour: Golden Gate Bridge to Marshall Beach,San Francisco,55,North,1.5,,0,1,1,1,0
San Francisco Wharf and Waterfront Segway Tour,San Francisco,75,North,3,,0,1,1,1,0
San Francisco Wine Tour to Napa Valley,Napa,125,North,1.5,,0,0,0,1,1
San Francisco's Wild Parrots of Telegraph Hill Walking Tour,San Francisco,40,North,1,,0,1,1,1,0
San Jose Scavenger Hunt Adventure,San Jose,15,North,1,,0,1,1,1,0
Santa Barbara Bike and Beverage Tour,Santa Barbara,80,Central,2.5,,0,1,1,1,0
"Santa Barbara Bike Rentals: Electric, Mountain or Hybrid",Santa Barbara,74.99,Central,3,,0,1,1,0,0
Santa Barbara Cupcake and Wine Tour,Santa Barbara,139,Central,2,,0,0,0,1,1
Santa Barbara El Paseo Wine and Photo Tour,Santa Barbara,99,Central,2,,0,0,0,1,1
Santa Barbara Electric Bike Tour,Santa Barbara,94.99,Central,2.5,,0,1,1,1,0
Santa Barbara Funk Zone Food and Photo Tour,Santa Barbara,99,Central,1,,0,0,0,1,1
Santa Barbara Funk Zone Food Tasting Tour,Santa Barbara,85,Central,3,,0,0,0,1,1
Santa Barbara Open-Air Trolley Happy Hour Tour,Santa Barbara,90,Central,1,,0,0,0,1,0
Santa Barbara Scavenger Hunt Adventure,Santa Barbara,15,Central,4.5,,0,1,1,1,0
Santa Barbara Self-Guided Anacapa Wine Walk,Santa Barbara,36.99,Central,4,,0,0,1,0,1
Santa Barbara Self-Guided Presidio Wine Walk,Santa Barbara,64.99,Central,5,,0,0,1,0,1
Santa Barbara to Los Angeles Day Trip by Rail,Santa Barbara,259,Central,2.5,,0,1,0,0,0
Santa Barbara Vineyard to Table Taste Tour by Bike,Santa Barbara,139,Central,3.5,,0,1,1,1,1
Santa Barbara Wine Country Tour,Santa Barbara,139,Central,3.5,,0,0,0,1,1
Santa Barbara Wine Lovers Tour,Santa Barbara,146.44,Central,0.5,,0,0,0,1,1
Santa Barbara Wine Tasting Priority Pass,Santa Barbara,49.99,Central,4,,0,0,0,1,1
Santa Barbara Wine Tour with Picnic Lunch,Santa Barbara,130,Central,2,,0,1,0,1,1
Santa Monica and Venice Beach Segway Tour,Santa Monica,148.99,South,5,,1,1,1,1,0
Santa Monica and Venice Beach Tour from Los Angeles,Los Angeles,99,South,3.5,,1,0,0,1,0
Santa Monica and Venice Private Tour by Electric Bike,Los Angeles,88,South,3,,0,1,1,1,0
Santa Monica Sweet Spots Dessert Bike Tour,Santa Monica,89,South,0.5,,0,1,1,1,1
Santa Monica: Cooking Class and Pasta Tasting,Santa Monica,90.25,South,3.5,,0,0,0,0,1
Santa Rosa Bike 'N Brew,Santa Rosa,120,North,4.5,,0,1,1,0,0
Santa Ynez Valley All-Inclusive Wine Tour,Santa Barbara,129,Central,4.5,,0,1,0,1,1
Santa Ynez Wine Country Tour from Santa Barbara,Santa Barbara,129,Central,5,,0,0,0,1,1
Saturday Sunset Sail on the San Francisco Bay,Sausalito,65,North,0.5,,1,1,0,0,0
Saturday Urban Beer Tour,Santa Barbara,115,Central,5,,0,0,0,1,1
Sausalito Food and Wine Tour,Sausalito,155,North,3.5,,0,0,0,1,1
Scenic Carlsbad Bike Tour with Lunch,Carlsbad,85,South,3,,0,1,1,1,0
Self-Guided Anaheim Scavenger Hunt,Anaheim,10.99,South,0.5,,0,0,1,1,0
Self-Guided Bike Rentals from San Francisco,San Francisco,32,North,4.5,,0,1,1,0,0
Self-Guided Celebrity Homes and Movie Sites Bike Tour,Anaheim,68.99,South,0.5,,0,1,1,1,0
Self-Guided Hollywood Tour in a California Roadster Rental,Los Angeles,149,South,4.5,,0,0,0,1,0
Self-Guided Hollywood Tour in a Moke Electric Car Rental,Los Angeles,199,South,2,,0,0,0,1,0
Self-Guided Lake Tahoe Scavenger Hunt,Lake Tahoe,11,North,4.5,,0,0,1,1,0
Self-Guided Palm Springs Scavenger Hunt,Palm Springs,11,South,3.5,,0,0,1,1,0
Self-Guided Riverside Scavenger Hunt,Riverside,11,South,3,,0,0,1,1,0
Self-Guided Sacramento Scavenger Hunt,Sacramento,11,North,1,,0,0,1,1,0
Self-Guided San Francisco Scavenger Hunt,San Francisco,11,North,4,,0,0,1,1,0
Self-Guided San Jose Scavenger Hunt,San Jose,11,North,0.5,,0,0,1,1,0
Self-Guided Santa Barbara Funk Zone Uncorked Wine Trail,Santa Barbara,53.99,Central,4.5,,0,1,1,1,1
Self-Guided Santa Barbara Lagoon Loop Craft Beer Trail,Santa Barbara,36.99,Central,1,,0,0,1,1,1
Self-Guided Santa Monica Scavenger Hunt,Santa Monica,11,South,5,,0,0,1,1,0
Self-Guided Santa Monica Tour in a California Roadster Rental,Santa Monica,149,South,0.5,,0,0,0,1,0
Self-Guided Santa Monica Tour in a Moke Electric Car Rental,Santa Monica,199,South,5,,0,0,0,1,0
Self-Guided Solvang Windmill Wine Walk,Solvang,46,Central,2.5,,0,1,1,1,1
Semi Private Small Group Wine Country Tour from San Francisco,San Francisco,159,North,4,,0,0,0,1,1
SF Walking Tour by Award Winning Guide,San Francisco,28,North,2.5,,0,1,1,1,0
Shore Excursion: Seal Tour,San Diego,42,South,5,,1,1,0,1,0
Silicon Valley Tech Tour,San Francisco,169,North,4,,0,0,0,1,0
Silver Bells Holiday Dinner Cruise in San Francisco,San Francisco,141.36,North,2.5,,1,0,0,0,1
Six Passenger Whale Watching and Coastal Tour,Newport Beach,330,South,0.5,,1,1,0,1,0
Ski or Snowboard Rental in Lake Tahoe,Lake Tahoe,37,North,1,,0,1,0,0,0
Skydive San Francisco Bay Area from Novato,Novato,199,North,5,,0,0,0,1,0
Small Group Highlights Tour of Los Angeles,Los Angeles,89,South,1,,0,0,1,1,0
Small Group Muir Woods and Sausalito Tour,San Francisco,65,North,1.5,,0,1,1,1,0
Small Group Muir Woods and Wine Country Tour,Mill Valley,124,North,0.5,,0,0,1,1,1
Small Group Tour of Los Angeles with a Luxurious SUV,Los Angeles,129,South,3,,0,0,0,1,0
Small-Group All-Inclusive Wine Tour from Solvang,Solvang,115,Central,1.5,,0,0,1,1,1
Small-Group Carlsbad E-Bike Tour Including Meditation Gardens,Carlsbad,85.12,South,1,,0,1,1,1,0
Small-Group Craft Brews and Bike Tour in San Francisco,San Francisco,79,North,3.5,,0,1,1,1,1
Small-Group Food Walking Tour Through Old Pasadena,Pasadena,75,South,1.5,,0,0,1,1,1
Small-Group Full-Day Tour of San Francisco with Alcatraz,San Francisco,114,North,3,,1,0,1,1,0
Small-Group Golden Gate Bridge Sailing Tour,San Francisco,65,North,2,,1,0,0,1,0
Small-Group Napa and Sonoma Wine Country Tour with Lunch,Napa,149,North,3,,0,0,0,1,1
Small-Group Napa Wine Tour With Castello di Amorosa And Lunch,Napa,105,North,2,,0,0,0,1,1
Small-Group Nighttime Stargazing Tour to the San Andreas Fault from Palm Desert,Palm Desert,150,South,4,,0,1,0,1,1
Small-Group Outlet Shopping and Napa Winery Day Trip from San Francisco,Napa,82,North,2.5,,0,0,0,1,1
Small-Group San Diego Afternoon Sailing Excursion,San Diego,88.99,South,1.5,,1,0,0,1,0
Small-Group San Diego Sailing Trip,San Diego,91.64,South,2.5,,1,1,0,1,0
Small-Group San Diego Sunset Sailing Excursion,San Diego,88.99,South,3.5,,1,1,0,1,0
Small-Group San Francisco Night Tour,San Francisco,79,North,1,,0,0,0,1,1
Small-Group Santa Barbara Wine Country Tour with Optional Local Brewery Stop,Santa Barbara,125,Central,0.5,,0,0,0,1,1
Small-Group Sunset Adventure to the San Andreas Fault from Palm Desert,Palm Springs,139,South,1.5,,0,1,0,1,0
Small-Group Tour of Yosemite from Lake Tahoe,Lake Tahoe,170,North,1,,0,1,1,1,0
Small-Group Tour: San Francisco City and Muir Woods,San Francisco,123,North,2,,0,1,1,1,0
Small-Group Vintage Wine Country Tour,Napa,139,North,0.5,,0,0,0,1,1
Small-Group Wine-Tasting Tour through Napa or Sonoma Wine Country,Napa,110,North,1,,0,0,0,1,1
"Small-Group, Mission District Food Tour - San Francisco",San Francisco,75.28,North,1,,0,0,0,1,1
Snow Track and Sledding Tour,Fish Camp,249,North,3,,0,1,0,1,0
Snowshoeing Adventure to Badger Pass and Dewey Point,Sonoma,90,North,3.5,,0,1,0,1,0
Solvang Segway Tours,Solvang,85,Central,4,,0,1,1,1,0
Sonoma and Sausalito half day tour from San Francisco,Sonoma,79,North,1.5,,0,0,0,1,0
Sonoma County and Napa Valley Private Wine Tour,Petaluma,725.76,North,3,,0,0,0,1,1
Sonoma County Brewery Tour Including Behind-the-Scenes Access,Rohnert Park,99,North,1.5,,0,0,0,1,0
Sonoma County Wine Segway Tour,Sonoma,131.77,North,0.5,,0,1,1,1,1
Sonoma Horseback-Riding Tour,Sonoma,119,North,3.5,,0,0,0,1,0
Sonoma Plaza Food and Wine Walking Tour,Sonoma,125,North,3,,0,1,1,1,1
Sonoma Small-Group Food and Wine Tour,Sonoma,99,North,2.5,,0,0,0,1,1
Sonoma Valley Self-Guided Bike Tour with Lunch,Sonoma,80,North,4,,0,1,1,1,0
Sonoma Valley Small Group Wine Tour,Sonoma,150,North,3,,0,0,0,1,1
Sonoma Valley Wine Country - Half Day Bike Tour,Sonoma,99,North,1,,0,1,1,1,1
Sonoma Valley Wine Country Bike Tour,Sonoma,131.76,North,1.5,,0,1,1,1,1
Sonoma Valley Wine Tour from San Francisco,Sonoma,139,North,4,,0,0,0,1,1
Sonoma Valley Wine Trolley,Sonoma,99,North,2.5,,0,1,0,0,1
Sonoma Wine Tasting Priority Pass,Sonoma,49.99,North,4,,0,0,0,0,1
South Lake Tahoe Snowshoe Rental,Lake Tahoe,27,North,2,,0,1,0,0,0
Southern Los Angeles Brewery Tour,Los Angeles,85,South,3,,0,0,0,1,1
Special Night Life in San Francisco,San Francisco,230,North,3,,0,0,0,0,1
Sport Climbing Class in Joshua Tree National Park,Joshua Tree,295,South,3.5,,0,1,0,1,0
Sport Ski Rental Package from North Lake Tahoe,Lake Tahoe,71.83,North,2.5,,0,1,0,0,0
Sport Snowboard Package from North Lake Tahoe,Lake Tahoe,71.83,North,2.5,,0,1,0,0,0
Sportfishing Charter in Dana Point,Dana Point,750,South,2.5,,1,1,0,0,0
Squaw Valley Skiing Day Trip from SF,San Francisco,69,North,1.5,,0,1,0,0,0
Star Lakes Sunset Tour,Fish Camp,449,North,5,,1,1,0,1,1
Stars' Homes and Madame Tussauds Hollywood,Los Angeles,70,South,0.5,,0,1,0,0,0
Strolling on Sunday Beer Tour,Santa Barbara,105,Central,2.5,,0,1,0,1,1
Sunday Morning Eco Sail on the San Francisco Bay,Sausalito,65,North,1.5,,1,1,0,0,0
Sunday Sunset Sail on San Francisco Bay,Sausalito,65,North,5,,1,1,0,0,0
Sunset Cruise,San Diego,39,South,3.5,,1,0,0,0,1
Sunset Cruise by Catamaran,Newport Beach,15,South,5,,1,0,0,0,1
Surrey Rental of SF Waterfront & Views of Golden Gate Bridge,San Francisco,35,North,3.5,,1,0,1,1,0
Sutter District Tour,Sacramento,72,North,1.5,,0,1,0,1,0
Tandem Paragliding in Malibu,Los Angeles,166.39,South,0.5,,0,1,0,0,0
Tapas Workshop & Dinner in Berkeley,Berkeley,149.16,North,3.5,,0,0,0,0,1
Taste of Italy On Santa Clara Wine Trail,San Jose,148,North,0.5,,0,1,1,0,1
Taste of Northern California Local Food & Breweries Tour,San Francisco,"1,699.00",North,4.5,,0,0,0,1,1
Taste of Santa Monica Walking Food Tour,Santa Monica,79,South,2,,0,0,1,1,1
Tasting Experience at Gracianna Winery,Healdsburg,20,North,2,,0,0,0,0,1
Team Challenge Game in Downtown L.A.,Los Angeles,35,South,3,,0,1,0,0,0
Teas Temples and Beatniks Tour Including Chinese Tea and Dessert,San Francisco,66,North,1,,0,1,0,1,0
Teas Temples and Beatniks Tour Including Chinese Tea and Dessert Tastings,San Francisco,66,North,5,,0,0,0,1,1
Teen Ski Rental Package from North Lake Tahoe,Lake Tahoe,88.03,North,3,,0,1,0,0,0
Temecula Scavenger Hunt Adventure,Temecula,10,South,5,,0,1,0,0,0
Temecula Wine Country Tour from San Diego,San Diego,149,South,1.5,,0,0,0,1,1
Temecula Wine Tasting by Hummer from Palm Springs,Temecula,229,South,2,,0,0,0,0,1
Temecula Wine Tour from San Diego,San Diego,750,South,1,,0,0,0,1,1
Tequila Sunset Electric Bike Tour of La Jolla,La Jolla,59,South,4,,0,1,1,1,0
"Tequila, Tacos and Tombstones Culinary Tour",San Diego,60,South,1,,0,0,0,1,1
The Blue Collar Beer Tour - Alameda and San Leandro Breweries,Oakland,89,North,4.5,,0,1,0,1,1
The Castro: Historical Walking Tour of San Francisco's Gay & Lesbian,San Francisco,25,North,3,,0,1,1,1,0
The Golden West Beer Tour - Oakland and Berkeley Breweries,Oakland,89,North,5,,0,1,0,1,1
The Los Angeles Tour,Los Angeles,100,South,2.5,,0,0,0,1,0
The New Classic San Francisco Bike Tour,San Francisco,64,North,3,,0,1,1,1,0
The One Day in San Francisco Tour with Alcatraz,San Francisco,149,North,2.5,,1,0,0,1,0
The Original City Loop Electric Bicycle Tour,San Francisco,99,North,2,,0,1,0,1,0
The Original San Francisco Gourmet Chocolate Tour,San Francisco,56,North,1,,0,1,0,1,1
The Real San Francisco Chinatown Food Tour,San Francisco,99,North,1.5,,0,0,0,1,1
The Tragic History Tour of Los Angeles,Santa Monica,50,South,3,,0,0,1,1,0
The Ultimate Day in the Bay-Includes Muir Woods,San Francisco,99,North,4.5,,0,1,0,0,0
The Ultimate Wine Experience Day Trip to Napa and Sonoma,Napa,105,North,1,,0,0,0,0,1
The Valley Beer Tour - Livermore Breweries,Oakland,89,North,4,,0,1,0,1,1
The VIP Experience at Universal Studios Hollywood,Los Angeles,328.99,South,5,,0,1,0,0,0
Three Quarter Day Fishing Charter from Dana Point,Dana Point,1150,South,3,,1,1,0,0,0
Tijuana Food Tasting: Tijuana Day Tour from San Diego,San Diego,110,South,0.5,,0,0,0,1,1
TMZ Hollywood Celebrity Hot Spot Tour in Los Angeles,Los Angeles,51.5,South,4,,0,0,1,1,0
Top Gun and Air Combat Experience in San Diego,San Diego,363.99,South,0.5,,0,1,0,0,0
Total Hollywood Experience with Walk of Fame and Celebrity Homes Tour,Los Angeles,72,South,2.5,,0,1,1,1,0
Total Los Angeles Tour: Bike Rental and Museum Admission,Los Angeles,119,South,1,,0,1,1,1,0
Traditional Climbing Class in Joshua Tree National Park,Joshua Tree,295,South,4.5,,0,1,0,0,0
Two-Hour Whale Watching Tours from Oceanside,Oceanside,39,South,2.5,,1,1,0,1,0
Ultimate Lake Tahoe Adventure from Sacramento,Sacramento,74,North,3.5,,0,1,0,0,0
Ultimate Lake Tahoe Adventure from San Francisco,San Francisco,74,North,4,,0,1,0,0,0
Ultimate Private San Diego Sightseeing Tour,San Diego,249,South,3,,0,0,1,1,0
Ultimate San Francisco Package - City Bus Tour and San Francisco Dungeon Experience,San Francisco,80,North,4.5,,0,0,1,1,0
Ultimate Wine Experience in San Luis Obispo,San Luis Obispo,75,Central,0.5,,0,0,0,0,1
Union Square Bike Rental,San Francisco,32,North,3,,0,1,1,0,0
Union Square Cocktail Tour,San Francisco,72,North,1,,0,1,0,1,1
Uptown Beer Walk,Oakland,99,North,3,,0,1,1,0,1
Venice Beach 4-course Progressive Dining Experience,Los Angeles,89,South,1,,0,0,0,0,1
Vine to Wine Napa and Sonoma Day Trip plus Alcatraz Tour and Aquarium Access,Napa,257.5,North,1,,0,0,0,1,1
Vine to Wine Napa and Sonoma Day Trip with Tastings and Organic Winery Tour,Napa,135,North,3,,0,0,0,1,1
Vineyard hike to a private organic garden and Wine Tasting,Malibu,99.02,South,3.5,,0,1,1,0,1
Walking Tour of Nob Hill,San Francisco,30,North,3.5,,0,1,1,1,0
Walking Tour of San Francisco Financial District,San Francisco,30,North,1.5,,0,1,1,1,0
Walking Tour of Union Square and Chinatown,San Francisco,30,North,1,,0,1,1,1,0
Warner Bros. Hollywood Studio Tour and Movie Stars' Homes Tour,Los Angeles,152,South,0.5,,0,0,1,1,0
Whale and Dolphin Watching Cruise,Newport Beach,20,South,1,,1,1,0,0,0
Whale Watching Adventure,San Diego,85,South,1.5,,1,1,0,0,0
Whale Watching and Patriot Jet Boat Ride,San Diego,62,South,4,,1,1,0,0,0
Whale Watching Cruise Guided by experts from Birch Aquarium,San Diego,42,South,4,,1,1,0,1,0
Whale Watching Day Cruise Santa Monica,Santa Monica,60,South,4,,1,1,0,0,0
Whale Watching Excursion in Dana Point,Dana Point,35,South,1,,1,1,0,0,0
Whale Watching Expedition Cruise,San Diego,42,South,0.5,,1,1,0,0,0
Whale Watching Tour,San Diego,30,South,1.5,,1,1,0,1,0
Whale-Watching Cruise from Newport Beach,Newport Beach,24.99,South,2,,1,1,0,0,0
Who Dunnit Gaslamp Quarter,San Diego,25,South,4,,0,1,0,0,0
Who Dunnit Seaport Village,San Diego,25,South,5,,1,0,0,0,0
Wildlands Preserve Nature Tour,Palm Springs,149,South,2.5,,0,1,0,1,0
Wine and Food Pairing Experience at Williamson Wines in Healdsburg,Healdsburg,50,North,1,,0,0,0,0,1
Wine Country Bike Tour and Picnic Lunch with Transport from San Francisco,Napa,164,North,2.5,,0,1,1,1,1
Wine Country Biking Tour in Santa Barbara,Santa Barbara,139,Central,0.5,,0,1,1,1,1
Wine Country Small-Group Tour from San Francisco with Tastings,Napa,119,North,1.5,,0,0,0,1,1
Wine Experience Day Trip to Napa and Sonoma by Luxury Motorcoach,Napa,105,North,2,,0,0,0,0,1
Wine Tasting at Vampire Vineyards Tasting Room and Lounge in Beverly Hills,Los Angeles,25,South,3.5,,0,0,0,0,1
Wine Tasting Cruise on the San Francisco Bay,San Francisco,79,North,0.5,,1,0,0,0,1
Wine Tasting in Healdsburg,Healdsburg,15,North,3,,0,0,0,0,1
Woods and Wine: Half Day Sonoma Wine Tour plus Muir Woods National Monument,Sonoma,139.99,North,2,,0,0,0,1,1
Yosemite Hike with Naturalist Guide,Sonoma,237.5,North,4.5,,0,1,0,1,0
Yosemite Hiking Excursion,Sonoma,110,North,3,,0,1,0,0,0
Yosemite National Park and Giant Sequoias Trip,San Francisco,165,North,3.5,,0,1,0,0,0
Yosemite National Park and Giant Sequoias Trip from San Jose,San Jose,179,North,1,,0,1,0,0,0
Yosemite National Park Day Trip from San Francisco,San Francisco,372.56,North,4.5,,0,1,0,0,0
Yosemite Photo Tour,Sonoma,1200,North,5,,0,0,1,1,0
Yosemite Valley Tour with Transport from Oakhurst,Oakhurst,99,North,2,,0,1,0,1,0
Yosemite Valley Winter Tour,Sonoma,90,North,3.5,,0,1,0,1,0
Yosemite Yoga Hike,Sonoma,80.83,North,1,,0,1,0,0,0
Yosemite Zipline Tour,Sonoma,95,North,4,,0,1,0,1,0
Yountville Food and Wine Tour in Napa,Napa,175,North,5,,0,0,0,1,1
Ziplining Adventure in Sonoma,Occidental,99,North,1,,0,1,0,0,0
